#
# There is insufficient memory for the Java Runtime Environment to continue.
# Native memory allocation (malloc) failed to allocate 3385432 bytes. Error detail: Chunk::new
# Possible reasons:
#   The system is out of physical RAM or swap space
#   This process is running with CompressedOops enabled, and the Java Heap may be blocking the growth of the native heap
# Possible solutions:
#   Reduce memory load on the system
#   Increase physical memory or swap space
#   Check if swap backing store is full
#   Decrease Java heap size (-Xmx/-Xms)
#   Decrease number of Java threads
#   Decrease Java thread stack sizes (-Xss)
#   Set larger code cache with -XX:ReservedCodeCacheSize=
#   JVM is running with Unscaled Compressed Oops mode in which the Java heap is
#     placed in the first 4GB address space. The Java Heap base address is the
#     maximum limit for the native heap growth. Please use -XX:HeapBaseMinAddress
#     to set the Java Heap base and to place the Java Heap above 4GB virtual address.
# This output file may be truncated or incomplete.
#
#  Out of Memory Error (arena.cpp:186), pid=24660, tid=11008
#
# JRE version: OpenJDK Runtime Environment (25.0+36) (build 25+36-3489)
# Java VM: OpenJDK 64-Bit Server VM (25+36-3489, mixed mode, sharing, tiered, compressed oops, compressed class ptrs, g1 gc, windows-amd64)
# No core dump will be written. Minidumps are not enabled by default on client versions of Windows
#

---------------  S U M M A R Y ------------

Command Line: --add-opens=java.base/java.lang=ALL-UNNAMED --add-opens=java.base/java.lang.invoke=ALL-UNNAMED --add-opens=java.base/java.util=ALL-UNNAMED --add-opens=java.prefs/java.util.prefs=ALL-UNNAMED --add-exports=jdk.compiler/com.sun.tools.javac.api=ALL-UNNAMED --add-exports=jdk.compiler/com.sun.tools.javac.util=ALL-UNNAMED --add-opens=java.base/java.util=ALL-UNNAMED --add-opens=java.prefs/java.util.prefs=ALL-UNNAMED --add-opens=java.base/java.nio.charset=ALL-UNNAMED --add-opens=java.base/java.net=ALL-UNNAMED --add-opens=java.base/java.util.concurrent=ALL-UNNAMED --add-opens=java.base/java.util.concurrent.atomic=ALL-UNNAMED --add-opens=java.xml/javax.xml.namespace=ALL-UNNAMED --add-opens=java.base/java.time=ALL-UNNAMED --enable-native-access=ALL-UNNAMED -XX:MaxMetaspaceSize=384m -XX:+HeapDumpOnOutOfMemoryError -Xms256m -Xmx512m -Dfile.encoding=UTF-8 -Duser.country=US -Duser.language=en -Duser.variant -javaagent:C:\Users\muradhossain\.gradle\wrapper\dists\gradle-9.1.0-bin\9agqghryom9wkf8r80qlhnts3\gradle-9.1.0\lib\agents\gradle-instrumentation-agent-9.1.0.jar org.gradle.launcher.daemon.bootstrap.GradleDaemon 9.1.0

Host: Intel(R) Core(TM) i5-8365U CPU @ 1.60GHz, 8 cores, 15G,  Windows 10 , 64 bit Build 19041 (10.0.19041.5915)
Time: Sat Dec 27 22:53:18 2025 Bangladesh Standard Time elapsed time: 1211.670772 seconds (0d 0h 20m 11s)

---------------  T H R E A D  ---------------

Current thread (0x000002147f71a240):  JavaThread "C2 CompilerThread0" daemon [_thread_in_native, id=11008, stack(0x000000fe6a600000,0x000000fe6a700000) (1024K)]


Current CompileTask:
C2:1211670 17400   !   4       java.io.BufferedReader::readLine (331 bytes)

Stack: [0x000000fe6a600000,0x000000fe6a700000]
Native frames: (J=compiled Java code, j=interpreted, Vv=VM code, C=native code)
V  [jvm.dll+0x7a6a39]  (no source info available)
V  [jvm.dll+0x7727ed]  (no source info available)
V  [jvm.dll+0x965f33]  (no source info available)
V  [jvm.dll+0x968531]  (no source info available)
V  [jvm.dll+0x968c33]  (no source info available)
V  [jvm.dll+0x2fc756]  (no source info available)
V  [jvm.dll+0x111b26]  (no source info available)
V  [jvm.dll+0x111e4e]  (no source info available)
V  [jvm.dll+0x1a0a22]  (no source info available)
V  [jvm.dll+0x3b53c2]  (no source info available)
V  [jvm.dll+0x7ac3cf]  (no source info available)
V  [jvm.dll+0x2c0ac7]  (no source info available)
V  [jvm.dll+0x2bfa8f]  (no source info available)
V  [jvm.dll+0x237b60]  (no source info available)
V  [jvm.dll+0x2cfb56]  (no source info available)
V  [jvm.dll+0x2cddd5]  (no source info available)
V  [jvm.dll+0x48e671]  (no source info available)
V  [jvm.dll+0x90681d]  (no source info available)
V  [jvm.dll+0x7a5015]  (no source info available)
C  [ucrtbase.dll+0x21bb2]  (no source info available)
C  [KERNEL32.DLL+0x17374]  (no source info available)
C  [ntdll.dll+0x4cc91]  (no source info available)

Lock stack of current Java thread (top to bottom):


---------------  P R O C E S S  ---------------

Threads class SMR info:
_java_thread_list=0x0000021422a25b60, length=48, elements={
0x000002147de563e0, 0x000002147df1be70, 0x000002147df1c630, 0x000002147df1ddb0,
0x000002147f710fa0, 0x000002147f718320, 0x000002147f719680, 0x000002147f71a240,
0x000002147f721970, 0x0000021419870fa0, 0x0000021419966410, 0x000002141f92aed0,
0x000002141f9f74e0, 0x000002141f9deef0, 0x000002141fb9a110, 0x000002141fb981d0,
0x000002141fb95ac0, 0x000002141fe8a9c0, 0x000002141fe8b190, 0x000002141fe882b0,
0x000002141fe89250, 0x000002141fe87ae0, 0x000002141fe89a20, 0x000002141fe8b960,
0x000002141fe8c130, 0x000002141fe8d0d0, 0x000002141fe8d8a0, 0x0000021420da9e60,
0x0000021419810b90, 0x000002142421eeb0, 0x0000021424220620, 0x000002142421cf70,
0x00000214242215c0, 0x000002142421fe50, 0x000002142421b800, 0x000002142421bfd0,
0x00000214242244a0, 0x0000021424224c70, 0x000002142422c970, 0x0000021424225440,
0x0000021424227380, 0x0000021424225c10, 0x000002142422d910, 0x000002142422b200,
0x000002142422b9d0, 0x000002142422f080, 0x000002142422e0e0, 0x00000214242292c0
}

Java Threads: ( => current thread )
  0x000002147de563e0 JavaThread "main"                              [_thread_blocked, id=10676, stack(0x000000fe69800000,0x000000fe69900000) (1024K)]
  0x000002147df1be70 JavaThread "Reference Handler"          daemon [_thread_blocked, id=9468, stack(0x000000fe6a000000,0x000000fe6a100000) (1024K)]
  0x000002147df1c630 JavaThread "Finalizer"                  daemon [_thread_blocked, id=27584, stack(0x000000fe6a100000,0x000000fe6a200000) (1024K)]
  0x000002147df1ddb0 JavaThread "Signal Dispatcher"          daemon [_thread_blocked, id=7652, stack(0x000000fe6a200000,0x000000fe6a300000) (1024K)]
  0x000002147f710fa0 JavaThread "Attach Listener"            daemon [_thread_blocked, id=25332, stack(0x000000fe6a300000,0x000000fe6a400000) (1024K)]
  0x000002147f718320 JavaThread "Service Thread"             daemon [_thread_blocked, id=11012, stack(0x000000fe6a400000,0x000000fe6a500000) (1024K)]
  0x000002147f719680 JavaThread "Monitor Deflation Thread"   daemon [_thread_blocked, id=26264, stack(0x000000fe6a500000,0x000000fe6a600000) (1024K)]
=>0x000002147f71a240 JavaThread "C2 CompilerThread0"         daemon [_thread_in_native, id=11008, stack(0x000000fe6a600000,0x000000fe6a700000) (1024K)]
  0x000002147f721970 JavaThread "C1 CompilerThread0"         daemon [_thread_blocked, id=23076, stack(0x000000fe6a700000,0x000000fe6a800000) (1024K)]
  0x0000021419870fa0 JavaThread "Common-Cleaner"             daemon [_thread_blocked, id=24172, stack(0x000000fe6a800000,0x000000fe6a900000) (1024K)]
  0x0000021419966410 JavaThread "Notification Thread"        daemon [_thread_blocked, id=24764, stack(0x000000fe6a900000,0x000000fe6aa00000) (1024K)]
  0x000002141f92aed0 JavaThread "Daemon health stats"               [_thread_blocked, id=20384, stack(0x000000fe6b000000,0x000000fe6b100000) (1024K)]
  0x000002141f9f74e0 JavaThread "Incoming local TCP Connector on port 51740"        [_thread_in_native, id=27096, stack(0x000000fe6b100000,0x000000fe6b200000) (1024K)]
  0x000002141f9deef0 JavaThread "Daemon periodic checks"            [_thread_blocked, id=9708, stack(0x000000fe6b200000,0x000000fe6b300000) (1024K)]
  0x000002141fb9a110 JavaThread "Cache worker for journal cache (C:\Users\muradhossain\.gradle\caches\journal-1)"        [_thread_blocked, id=4488, stack(0x000000fe6aa00000,0x000000fe6ab00000) (1024K)]
  0x000002141fb981d0 JavaThread "File lock request listener"        [_thread_in_native, id=3220, stack(0x000000fe6ba00000,0x000000fe6bb00000) (1024K)]
  0x000002141fb95ac0 JavaThread "Cache worker for file hash cache (C:\Users\muradhossain\.gradle\caches\9.1.0\fileHashes)"        [_thread_blocked, id=28592, stack(0x000000fe6bd00000,0x000000fe6be00000) (1024K)]
  0x000002141fe8a9c0 JavaThread "File watcher server"        daemon [_thread_in_native, id=27420, stack(0x000000fe6c300000,0x000000fe6c400000) (1024K)]
  0x000002141fe8b190 JavaThread "File watcher consumer"      daemon [_thread_blocked, id=25208, stack(0x000000fe6c400000,0x000000fe6c500000) (1024K)]
  0x000002141fe882b0 JavaThread "jar transforms"                    [_thread_blocked, id=26076, stack(0x000000fe6bf00000,0x000000fe6c000000) (1024K)]
  0x000002141fe89250 JavaThread "jar transforms Thread 2"           [_thread_blocked, id=26308, stack(0x000000fe6c500000,0x000000fe6c600000) (1024K)]
  0x000002141fe87ae0 JavaThread "jar transforms Thread 3"           [_thread_blocked, id=24536, stack(0x000000fe6c600000,0x000000fe6c700000) (1024K)]
  0x000002141fe89a20 JavaThread "jar transforms Thread 4"           [_thread_blocked, id=25388, stack(0x000000fe6c700000,0x000000fe6c800000) (1024K)]
  0x000002141fe8b960 JavaThread "jar transforms Thread 5"           [_thread_blocked, id=6756, stack(0x000000fe6c800000,0x000000fe6c900000) (1024K)]
  0x000002141fe8c130 JavaThread "jar transforms Thread 6"           [_thread_blocked, id=19552, stack(0x000000fe6c900000,0x000000fe6ca00000) (1024K)]
  0x000002141fe8d0d0 JavaThread "jar transforms Thread 7"           [_thread_blocked, id=9292, stack(0x000000fe6ca00000,0x000000fe6cb00000) (1024K)]
  0x000002141fe8d8a0 JavaThread "jar transforms Thread 8"           [_thread_blocked, id=28660, stack(0x000000fe6cb00000,0x000000fe6cc00000) (1024K)]
  0x0000021420da9e60 JavaThread "Cache worker for file content cache (C:\Users\muradhossain\.gradle\caches\9.1.0\fileContent)"        [_thread_blocked, id=27348, stack(0x000000fe6cd00000,0x000000fe6ce00000) (1024K)]
  0x0000021419810b90 JavaThread "Memory manager"                    [_thread_blocked, id=19784, stack(0x000000fe6f400000,0x000000fe6f500000) (1024K)]
  0x000002142421eeb0 JavaThread "Daemon Thread 2"                   [_thread_blocked, id=3564, stack(0x000000fe69500000,0x000000fe69600000) (1024K)]
  0x0000021424220620 JavaThread "Handler for socket connection from /127.0.0.1:51740 to /127.0.0.1:50165"        [_thread_in_native, id=25172, stack(0x000000fe69600000,0x000000fe69700000) (1024K)]
  0x000002142421cf70 JavaThread "Cancel handler"                    [_thread_blocked, id=10208, stack(0x000000fe69700000,0x000000fe69800000) (1024K)]
  0x00000214242215c0 JavaThread "Daemon worker Thread 2"            [_thread_in_vm, id=26812, stack(0x000000fe6b300000,0x000000fe6b400000) (1024K)]
  0x000002142421fe50 JavaThread "Asynchronous log dispatcher for DefaultDaemonConnection: socket connection from /127.0.0.1:51740 to /127.0.0.1:50165"        [_thread_blocked, id=28172, stack(0x000000fe6b400000,0x000000fe6b500000) (1024K)]
  0x000002142421b800 JavaThread "Stdin handler"                     [_thread_blocked, id=19816, stack(0x000000fe6b500000,0x000000fe6b600000) (1024K)]
  0x000002142421bfd0 JavaThread "Daemon client event forwarder"        [_thread_blocked, id=17088, stack(0x000000fe6b600000,0x000000fe6b700000) (1024K)]
  0x00000214242244a0 JavaThread "Cache worker for file hash cache (D:\CSE\Software Engineering\doctor-connect\backend\.gradle\9.1.0\fileHashes)"        [_thread_blocked, id=28652, stack(0x000000fe6b700000,0x000000fe6b800000) (1024K)]
  0x0000021424224c70 JavaThread "Cache worker for Build Output Cleanup Cache (D:\CSE\Software Engineering\doctor-connect\backend\.gradle\buildOutputCleanup)"        [_thread_blocked, id=18072, stack(0x000000fe6b800000,0x000000fe6b900000) (1024K)]
  0x000002142422c970 JavaThread "Cache worker for checksums cache (D:\CSE\Software Engineering\doctor-connect\backend\.gradle\9.1.0\checksums)"        [_thread_blocked, id=25572, stack(0x000000fe6b900000,0x000000fe6ba00000) (1024K)]
  0x0000021424225440 JavaThread "Cache worker for cache directory md-supplier (C:\Users\muradhossain\.gradle\caches\9.1.0\md-supplier)"        [_thread_blocked, id=15140, stack(0x000000fe6be00000,0x000000fe6bf00000) (1024K)]
  0x0000021424227380 JavaThread "Cache worker for cache directory md-rule (C:\Users\muradhossain\.gradle\caches\9.1.0\md-rule)"        [_thread_blocked, id=10580, stack(0x000000fe6c100000,0x000000fe6c200000) (1024K)]
  0x0000021424225c10 JavaThread "Unconstrained build operations"        [_thread_blocked, id=7876, stack(0x000000fe6c200000,0x000000fe6c300000) (1024K)]
  0x000002142422d910 JavaThread "Unconstrained build operations Thread 2"        [_thread_blocked, id=9140, stack(0x000000fe6cc00000,0x000000fe6cd00000) (1024K)]
  0x000002142422b200 JavaThread "Unconstrained build operations Thread 3"        [_thread_blocked, id=18196, stack(0x000000fe6ce00000,0x000000fe6cf00000) (1024K)]
  0x000002142422b9d0 JavaThread "Unconstrained build operations Thread 4"        [_thread_blocked, id=26680, stack(0x000000fe6cf00000,0x000000fe6d000000) (1024K)]
  0x000002142422f080 JavaThread "Unconstrained build operations Thread 5"        [_thread_blocked, id=27024, stack(0x000000fe6d000000,0x000000fe6d100000) (1024K)]
  0x000002142422e0e0 JavaThread "Unconstrained build operations Thread 6"        [_thread_blocked, id=24024, stack(0x000000fe6d100000,0x000000fe6d200000) (1024K)]
  0x00000214242292c0 JavaThread "Unconstrained build operations Thread 7"        [_thread_blocked, id=11156, stack(0x000000fe6d200000,0x000000fe6d300000) (1024K)]
Total: 48

Other Threads:
  0x000002147df0d090 VMThread "VM Thread"                           [id=10200, stack(0x000000fe69f00000,0x000000fe6a000000) (1024K)]
  0x000002147df027d0 WatcherThread "VM Periodic Task Thread"        [id=26412, stack(0x000000fe69e00000,0x000000fe69f00000) (1024K)]
  0x000002147de81960 WorkerThread "GC Thread#0"                     [id=18220, stack(0x000000fe69900000,0x000000fe69a00000) (1024K)]
  0x000002141ef33ee0 WorkerThread "GC Thread#1"                     [id=26192, stack(0x000000fe6ab00000,0x000000fe6ac00000) (1024K)]
  0x000002141ef34310 WorkerThread "GC Thread#2"                     [id=25760, stack(0x000000fe6ac00000,0x000000fe6ad00000) (1024K)]
  0x000002141ef34740 WorkerThread "GC Thread#3"                     [id=28032, stack(0x000000fe6ad00000,0x000000fe6ae00000) (1024K)]
  0x000002141ef34b70 WorkerThread "GC Thread#4"                     [id=21888, stack(0x000000fe6ae00000,0x000000fe6af00000) (1024K)]
  0x000002141ef35370 WorkerThread "GC Thread#5"                     [id=11968, stack(0x000000fe6af00000,0x000000fe6b000000) (1024K)]
  0x000002141f69ba80 WorkerThread "GC Thread#6"                     [id=12260, stack(0x000000fe6bb00000,0x000000fe6bc00000) (1024K)]
  0x000002141f69a0a0 WorkerThread "GC Thread#7"                     [id=11268, stack(0x000000fe6bc00000,0x000000fe6bd00000) (1024K)]
  0x000002147de89bc0 ConcurrentGCThread "G1 Main Marker"            [id=4416, stack(0x000000fe69a00000,0x000000fe69b00000) (1024K)]
  0x000002147de8b710 WorkerThread "G1 Conc#0"                       [id=19220, stack(0x000000fe69b00000,0x000000fe69c00000) (1024K)]
  0x000002141f6986c0 WorkerThread "G1 Conc#1"                       [id=21988, stack(0x000000fe6c000000,0x000000fe6c100000) (1024K)]
  0x000002147dee9a60 ConcurrentGCThread "G1 Refine#0"               [id=25992, stack(0x000000fe69c00000,0x000000fe69d00000) (1024K)]
  0x000002147deea670 ConcurrentGCThread "G1 Service"                [id=1696, stack(0x000000fe69d00000,0x000000fe69e00000) (1024K)]
Total: 15

Threads with active compile tasks:
C2 CompilerThread0  1211880 17400   !   4       java.io.BufferedReader::readLine (331 bytes)
Total: 1

VM state: not at safepoint (normal execution)

VM Mutex/Monitor currently owned by a thread: None

Heap address: 0x00000000e0000000, size: 512 MB, Compressed Oops mode: 32-bit

CDS archive(s) mapped at: [0x000000001d000000-0x000000001ddd0000-0x000000001ddd0000), size 14483456, SharedBaseAddress: 0x000000001d000000, ArchiveRelocationMode: 1.
Compressed class space mapped at: 0x000000001e000000-0x0000000032000000, reserved size: 335544320
UseCompressedClassPointers 1, UseCompactObjectHeaders 0
Narrow klass pointer bits 32, Max shift 3
Narrow klass base: 0x000000001d000000, Narrow klass shift: 0
Encoding Range: [0x000000001d000000 - 0x000000011d000000), (4294967296 bytes)
Klass Range:    [0x000000001d010000 - 0x0000000032000000), (352256000 bytes)
Klass ID Range:  [65536 - 352321529) (352255993)
Protection zone: [0x000000001d000000 - 0x000000001d010000), (65536 bytes)

GC Precious Log:
 CardTable entry size: 512
 Card Set container configuration: InlinePtr #cards 5 size 8 Array Of Cards #cards 10 size 36 Howl #buckets 4 coarsen threshold 1843 Howl Bitmap #cards 512 size 80 coarsen threshold 460 Card regions per heap region 1 cards per card region 2048
 CPUs: 8 total, 8 available
 Memory: 16190M
 Large Page Support: Disabled
 NUMA Support: Disabled
 Compressed Oops: Enabled (32-bit)
 Heap Region Size: 1M
 Heap Min Capacity: 256M
 Heap Initial Capacity: 256M
 Heap Max Capacity: 512M
 Pre-touch: Disabled
 Parallel Workers: 8
 Concurrent Workers: 2
 Concurrent Refinement Workers: 8
 Periodic GC: Disabled

Heap:
 garbage-first heap   total reserved 524288K, committed 309248K, used 230337K [0x00000000e0000000, 0x0000000100000000)
  region size 1024K, 61 young (62464K), 6 survivors (6144K)

Heap Regions: E=young(eden), S=young(survivor), O=old, HS=humongous(starts), HC=humongous(continues), CS=collection set, F=free, TAMS=top-at-mark-start, PB=parsable bottom
|   0|0x00000000e0000000, 0x00000000e0100000, 0x00000000e0100000|100%|HS|  |TAMS 0x00000000e0000000| PB 0x00000000e0000000| Complete |  0
|   1|0x00000000e0100000, 0x00000000e0200000, 0x00000000e0200000|100%|HC|  |TAMS 0x00000000e0100000| PB 0x00000000e0100000| Complete |  0
|   2|0x00000000e0200000, 0x00000000e0300000, 0x00000000e0300000|100%|HC|  |TAMS 0x00000000e0200000| PB 0x00000000e0200000| Complete |  0
|   3|0x00000000e0300000, 0x00000000e0400000, 0x00000000e0400000|100%| O|  |TAMS 0x00000000e0300000| PB 0x00000000e0300000| Untracked |  0
|   4|0x00000000e0400000, 0x00000000e0500000, 0x00000000e0500000|100%|HS|  |TAMS 0x00000000e0400000| PB 0x00000000e0400000| Complete |  0
|   5|0x00000000e0500000, 0x00000000e0600000, 0x00000000e0600000|100%|HS|  |TAMS 0x00000000e0500000| PB 0x00000000e0500000| Complete |  0
|   6|0x00000000e0600000, 0x00000000e0700000, 0x00000000e0700000|100%|HC|  |TAMS 0x00000000e0600000| PB 0x00000000e0600000| Complete |  0
|   7|0x00000000e0700000, 0x00000000e0800000, 0x00000000e0800000|100%| O|  |TAMS 0x00000000e0700000| PB 0x00000000e0700000| Untracked |  0
|   8|0x00000000e0800000, 0x00000000e0900000, 0x00000000e0900000|100%| O|  |TAMS 0x00000000e0800000| PB 0x00000000e0800000| Untracked |  0
|   9|0x00000000e0900000, 0x00000000e0a00000, 0x00000000e0a00000|100%| O|  |TAMS 0x00000000e0900000| PB 0x00000000e0900000| Untracked |  0
|  10|0x00000000e0a00000, 0x00000000e0b00000, 0x00000000e0b00000|100%| O|  |TAMS 0x00000000e0a00000| PB 0x00000000e0a00000| Untracked |  0
|  11|0x00000000e0b00000, 0x00000000e0c00000, 0x00000000e0c00000|100%| O|  |TAMS 0x00000000e0b00000| PB 0x00000000e0b00000| Untracked |  0
|  12|0x00000000e0c00000, 0x00000000e0d00000, 0x00000000e0d00000|100%| O|  |TAMS 0x00000000e0c00000| PB 0x00000000e0c00000| Untracked |  0
|  13|0x00000000e0d00000, 0x00000000e0e00000, 0x00000000e0e00000|100%|HS|  |TAMS 0x00000000e0d00000| PB 0x00000000e0d00000| Complete |  0
|  14|0x00000000e0e00000, 0x00000000e0f00000, 0x00000000e0f00000|100%|HC|  |TAMS 0x00000000e0e00000| PB 0x00000000e0e00000| Complete |  0
|  15|0x00000000e0f00000, 0x00000000e1000000, 0x00000000e1000000|100%|HC|  |TAMS 0x00000000e0f00000| PB 0x00000000e0f00000| Complete |  0
|  16|0x00000000e1000000, 0x00000000e1100000, 0x00000000e1100000|100%|HC|  |TAMS 0x00000000e1000000| PB 0x00000000e1000000| Complete |  0
|  17|0x00000000e1100000, 0x00000000e1200000, 0x00000000e1200000|100%|HC|  |TAMS 0x00000000e1100000| PB 0x00000000e1100000| Complete |  0
|  18|0x00000000e1200000, 0x00000000e1300000, 0x00000000e1300000|100%|HC|  |TAMS 0x00000000e1200000| PB 0x00000000e1200000| Complete |  0
|  19|0x00000000e1300000, 0x00000000e1400000, 0x00000000e1400000|100%|HS|  |TAMS 0x00000000e1300000| PB 0x00000000e1300000| Complete |  0
|  20|0x00000000e1400000, 0x00000000e1500000, 0x00000000e1500000|100%|HC|  |TAMS 0x00000000e1400000| PB 0x00000000e1400000| Complete |  0
|  21|0x00000000e1500000, 0x00000000e1600000, 0x00000000e1600000|100%|HC|  |TAMS 0x00000000e1500000| PB 0x00000000e1500000| Complete |  0
|  22|0x00000000e1600000, 0x00000000e1700000, 0x00000000e1700000|100%|HS|  |TAMS 0x00000000e1600000| PB 0x00000000e1600000| Complete |  0
|  23|0x00000000e1700000, 0x00000000e1800000, 0x00000000e1800000|100%| O|  |TAMS 0x00000000e1700000| PB 0x00000000e1700000| Untracked |  0
|  24|0x00000000e1800000, 0x00000000e1900000, 0x00000000e1900000|100%| O|  |TAMS 0x00000000e1800000| PB 0x00000000e1800000| Untracked |  0
|  25|0x00000000e1900000, 0x00000000e1a00000, 0x00000000e1a00000|100%| O|  |TAMS 0x00000000e1900000| PB 0x00000000e1900000| Untracked |  0
|  26|0x00000000e1a00000, 0x00000000e1b00000, 0x00000000e1b00000|100%| O|  |TAMS 0x00000000e1a00000| PB 0x00000000e1a00000| Untracked |  0
|  27|0x00000000e1b00000, 0x00000000e1c00000, 0x00000000e1c00000|100%| O|  |TAMS 0x00000000e1b00000| PB 0x00000000e1b00000| Untracked |  0
|  28|0x00000000e1c00000, 0x00000000e1d00000, 0x00000000e1d00000|100%| O|  |TAMS 0x00000000e1c00000| PB 0x00000000e1c00000| Untracked |  0
|  29|0x00000000e1d00000, 0x00000000e1e00000, 0x00000000e1e00000|100%| O|  |TAMS 0x00000000e1d00000| PB 0x00000000e1d00000| Untracked |  0
|  30|0x00000000e1e00000, 0x00000000e1f00000, 0x00000000e1f00000|100%| O|  |TAMS 0x00000000e1e00000| PB 0x00000000e1e00000| Untracked |  0
|  31|0x00000000e1f00000, 0x00000000e2000000, 0x00000000e2000000|100%| O|  |TAMS 0x00000000e1f00000| PB 0x00000000e1f00000| Untracked |  0
|  32|0x00000000e2000000, 0x00000000e2100000, 0x00000000e2100000|100%| O|  |TAMS 0x00000000e2000000| PB 0x00000000e2000000| Untracked |  0
|  33|0x00000000e2100000, 0x00000000e2200000, 0x00000000e2200000|100%| O|  |TAMS 0x00000000e2100000| PB 0x00000000e2100000| Untracked |  0
|  34|0x00000000e2200000, 0x00000000e2300000, 0x00000000e2300000|100%| O|  |TAMS 0x00000000e2200000| PB 0x00000000e2200000| Untracked |  0
|  35|0x00000000e2300000, 0x00000000e2400000, 0x00000000e2400000|100%| O|  |TAMS 0x00000000e2300000| PB 0x00000000e2300000| Untracked |  0
|  36|0x00000000e2400000, 0x00000000e2500000, 0x00000000e2500000|100%| O|  |TAMS 0x00000000e2400000| PB 0x00000000e2400000| Untracked |  0
|  37|0x00000000e2500000, 0x00000000e2600000, 0x00000000e2600000|100%| O|  |TAMS 0x00000000e2500000| PB 0x00000000e2500000| Untracked |  0
|  38|0x00000000e2600000, 0x00000000e2700000, 0x00000000e2700000|100%| O|  |TAMS 0x00000000e2600000| PB 0x00000000e2600000| Untracked |  0
|  39|0x00000000e2700000, 0x00000000e2800000, 0x00000000e2800000|100%| O|  |TAMS 0x00000000e2700000| PB 0x00000000e2700000| Untracked |  0
|  40|0x00000000e2800000, 0x00000000e2900000, 0x00000000e2900000|100%| O|  |TAMS 0x00000000e2800000| PB 0x00000000e2800000| Untracked |  0
|  41|0x00000000e2900000, 0x00000000e2a00000, 0x00000000e2a00000|100%| O|  |TAMS 0x00000000e2900000| PB 0x00000000e2900000| Untracked |  0
|  42|0x00000000e2a00000, 0x00000000e2b00000, 0x00000000e2b00000|100%| O|  |TAMS 0x00000000e2a00000| PB 0x00000000e2a00000| Untracked |  0
|  43|0x00000000e2b00000, 0x00000000e2c00000, 0x00000000e2c00000|100%| O|  |TAMS 0x00000000e2b00000| PB 0x00000000e2b00000| Untracked |  0
|  44|0x00000000e2c00000, 0x00000000e2d00000, 0x00000000e2d00000|100%| O|  |TAMS 0x00000000e2c00000| PB 0x00000000e2c00000| Untracked |  0
|  45|0x00000000e2d00000, 0x00000000e2e00000, 0x00000000e2e00000|100%| O|  |TAMS 0x00000000e2d00000| PB 0x00000000e2d00000| Untracked |  0
|  46|0x00000000e2e00000, 0x00000000e2e00000, 0x00000000e2f00000|  0%| F|  |TAMS 0x00000000e2e00000| PB 0x00000000e2e00000| Untracked |  0
|  47|0x00000000e2f00000, 0x00000000e2f00000, 0x00000000e3000000|  0%| F|  |TAMS 0x00000000e2f00000| PB 0x00000000e2f00000| Untracked |  0
|  48|0x00000000e3000000, 0x00000000e3100000, 0x00000000e3100000|100%| O|  |TAMS 0x00000000e3000000| PB 0x00000000e3000000| Untracked |  0
|  49|0x00000000e3100000, 0x00000000e3200000, 0x00000000e3200000|100%| O|  |TAMS 0x00000000e3100000| PB 0x00000000e3100000| Untracked |  0
|  50|0x00000000e3200000, 0x00000000e3300000, 0x00000000e3300000|100%|HS|  |TAMS 0x00000000e3200000| PB 0x00000000e3200000| Complete |  0
|  51|0x00000000e3300000, 0x00000000e3300000, 0x00000000e3400000|  0%| F|  |TAMS 0x00000000e3300000| PB 0x00000000e3300000| Untracked |  0
|  52|0x00000000e3400000, 0x00000000e3500000, 0x00000000e3500000|100%| O|  |TAMS 0x00000000e3400000| PB 0x00000000e3400000| Untracked |  0
|  53|0x00000000e3500000, 0x00000000e3600000, 0x00000000e3600000|100%| O|  |TAMS 0x00000000e3500000| PB 0x00000000e3500000| Untracked |  0
|  54|0x00000000e3600000, 0x00000000e3700000, 0x00000000e3700000|100%| O|  |TAMS 0x00000000e3600000| PB 0x00000000e3600000| Untracked |  0
|  55|0x00000000e3700000, 0x00000000e3800000, 0x00000000e3800000|100%| O|  |TAMS 0x00000000e3700000| PB 0x00000000e3700000| Untracked |  0
|  56|0x00000000e3800000, 0x00000000e3900000, 0x00000000e3900000|100%| O|  |TAMS 0x00000000e3800000| PB 0x00000000e3800000| Untracked |  0
|  57|0x00000000e3900000, 0x00000000e3a00000, 0x00000000e3a00000|100%| O|  |TAMS 0x00000000e3900000| PB 0x00000000e3900000| Untracked |  0
|  58|0x00000000e3a00000, 0x00000000e3b00000, 0x00000000e3b00000|100%| O|  |TAMS 0x00000000e3a00000| PB 0x00000000e3a00000| Untracked |  0
|  59|0x00000000e3b00000, 0x00000000e3c00000, 0x00000000e3c00000|100%| O|  |TAMS 0x00000000e3b00000| PB 0x00000000e3b00000| Untracked |  0
|  60|0x00000000e3c00000, 0x00000000e3d00000, 0x00000000e3d00000|100%| O|  |TAMS 0x00000000e3c00000| PB 0x00000000e3c00000| Untracked |  0
|  61|0x00000000e3d00000, 0x00000000e3e00000, 0x00000000e3e00000|100%| O|  |TAMS 0x00000000e3d00000| PB 0x00000000e3d00000| Untracked |  0
|  62|0x00000000e3e00000, 0x00000000e3f00000, 0x00000000e3f00000|100%| O|  |TAMS 0x00000000e3e00000| PB 0x00000000e3e00000| Untracked |  0
|  63|0x00000000e3f00000, 0x00000000e4000000, 0x00000000e4000000|100%| O|  |TAMS 0x00000000e3f00000| PB 0x00000000e3f00000| Untracked |  0
|  64|0x00000000e4000000, 0x00000000e4100000, 0x00000000e4100000|100%| O|  |TAMS 0x00000000e4000000| PB 0x00000000e4000000| Untracked |  0
|  65|0x00000000e4100000, 0x00000000e4200000, 0x00000000e4200000|100%| O|  |TAMS 0x00000000e4100000| PB 0x00000000e4100000| Untracked |  0
|  66|0x00000000e4200000, 0x00000000e4300000, 0x00000000e4300000|100%| O|  |TAMS 0x00000000e4200000| PB 0x00000000e4200000| Untracked |  0
|  67|0x00000000e4300000, 0x00000000e4400000, 0x00000000e4400000|100%| O|  |TAMS 0x00000000e4300000| PB 0x00000000e4300000| Untracked |  0
|  68|0x00000000e4400000, 0x00000000e4500000, 0x00000000e4500000|100%| O|  |TAMS 0x00000000e4400000| PB 0x00000000e4400000| Untracked |  0
|  69|0x00000000e4500000, 0x00000000e4600000, 0x00000000e4600000|100%| O|  |TAMS 0x00000000e4500000| PB 0x00000000e4500000| Untracked |  0
|  70|0x00000000e4600000, 0x00000000e4700000, 0x00000000e4700000|100%| O|  |TAMS 0x00000000e4600000| PB 0x00000000e4600000| Untracked |  0
|  71|0x00000000e4700000, 0x00000000e4800000, 0x00000000e4800000|100%| O|  |TAMS 0x00000000e4700000| PB 0x00000000e4700000| Untracked |  0
|  72|0x00000000e4800000, 0x00000000e4900000, 0x00000000e4900000|100%| O|  |TAMS 0x00000000e4800000| PB 0x00000000e4800000| Untracked |  0
|  73|0x00000000e4900000, 0x00000000e4a00000, 0x00000000e4a00000|100%| O|  |TAMS 0x00000000e4900000| PB 0x00000000e4900000| Untracked |  0
|  74|0x00000000e4a00000, 0x00000000e4b00000, 0x00000000e4b00000|100%| O|  |TAMS 0x00000000e4a00000| PB 0x00000000e4a00000| Untracked |  0
|  75|0x00000000e4b00000, 0x00000000e4c00000, 0x00000000e4c00000|100%| O|  |TAMS 0x00000000e4b00000| PB 0x00000000e4b00000| Untracked |  0
|  76|0x00000000e4c00000, 0x00000000e4d00000, 0x00000000e4d00000|100%| O|  |TAMS 0x00000000e4c00000| PB 0x00000000e4c00000| Untracked |  0
|  77|0x00000000e4d00000, 0x00000000e4e00000, 0x00000000e4e00000|100%| O|  |TAMS 0x00000000e4d00000| PB 0x00000000e4d00000| Untracked |  0
|  78|0x00000000e4e00000, 0x00000000e4f00000, 0x00000000e4f00000|100%| O|  |TAMS 0x00000000e4e00000| PB 0x00000000e4e00000| Untracked |  0
|  79|0x00000000e4f00000, 0x00000000e5000000, 0x00000000e5000000|100%| O|  |TAMS 0x00000000e4f00000| PB 0x00000000e4f00000| Untracked |  0
|  80|0x00000000e5000000, 0x00000000e5100000, 0x00000000e5100000|100%| O|  |TAMS 0x00000000e5000000| PB 0x00000000e5000000| Untracked |  0
|  81|0x00000000e5100000, 0x00000000e5200000, 0x00000000e5200000|100%| O|  |TAMS 0x00000000e5100000| PB 0x00000000e5100000| Untracked |  0
|  82|0x00000000e5200000, 0x00000000e5200000, 0x00000000e5300000|  0%| F|  |TAMS 0x00000000e5200000| PB 0x00000000e5200000| Untracked |  0
|  83|0x00000000e5300000, 0x00000000e5400000, 0x00000000e5400000|100%| O|  |TAMS 0x00000000e5300000| PB 0x00000000e5300000| Untracked |  0
|  84|0x00000000e5400000, 0x00000000e5500000, 0x00000000e5500000|100%| O|  |TAMS 0x00000000e5400000| PB 0x00000000e5400000| Untracked |  0
|  85|0x00000000e5500000, 0x00000000e5600000, 0x00000000e5600000|100%| O|  |TAMS 0x00000000e5500000| PB 0x00000000e5500000| Untracked |  0
|  86|0x00000000e5600000, 0x00000000e5700000, 0x00000000e5700000|100%| O|  |TAMS 0x00000000e5600000| PB 0x00000000e5600000| Untracked |  0
|  87|0x00000000e5700000, 0x00000000e5800000, 0x00000000e5800000|100%| O|  |TAMS 0x00000000e5700000| PB 0x00000000e5700000| Untracked |  0
|  88|0x00000000e5800000, 0x00000000e5900000, 0x00000000e5900000|100%| O|  |TAMS 0x00000000e5800000| PB 0x00000000e5800000| Untracked |  0
|  89|0x00000000e5900000, 0x00000000e5a00000, 0x00000000e5a00000|100%| O|  |TAMS 0x00000000e5900000| PB 0x00000000e5900000| Untracked |  0
|  90|0x00000000e5a00000, 0x00000000e5b00000, 0x00000000e5b00000|100%| O|  |TAMS 0x00000000e5a00000| PB 0x00000000e5a00000| Untracked |  0
|  91|0x00000000e5b00000, 0x00000000e5c00000, 0x00000000e5c00000|100%| O|  |TAMS 0x00000000e5b00000| PB 0x00000000e5b00000| Untracked |  0
|  92|0x00000000e5c00000, 0x00000000e5d00000, 0x00000000e5d00000|100%| O|  |TAMS 0x00000000e5c00000| PB 0x00000000e5c00000| Untracked |  0
|  93|0x00000000e5d00000, 0x00000000e5e00000, 0x00000000e5e00000|100%| O|  |TAMS 0x00000000e5d00000| PB 0x00000000e5d00000| Untracked |  0
|  94|0x00000000e5e00000, 0x00000000e5f00000, 0x00000000e5f00000|100%| O|  |TAMS 0x00000000e5e00000| PB 0x00000000e5e00000| Untracked |  0
|  95|0x00000000e5f00000, 0x00000000e6000000, 0x00000000e6000000|100%| O|  |TAMS 0x00000000e5f00000| PB 0x00000000e5f00000| Untracked |  0
|  96|0x00000000e6000000, 0x00000000e6100000, 0x00000000e6100000|100%| O|  |TAMS 0x00000000e6000000| PB 0x00000000e6000000| Untracked |  0
|  97|0x00000000e6100000, 0x00000000e6200000, 0x00000000e6200000|100%| O|  |TAMS 0x00000000e6100000| PB 0x00000000e6100000| Untracked |  0
|  98|0x00000000e6200000, 0x00000000e6300000, 0x00000000e6300000|100%| O|  |TAMS 0x00000000e6200000| PB 0x00000000e6200000| Untracked |  0
|  99|0x00000000e6300000, 0x00000000e6400000, 0x00000000e6400000|100%| O|  |TAMS 0x00000000e6300000| PB 0x00000000e6300000| Untracked |  0
| 100|0x00000000e6400000, 0x00000000e6400000, 0x00000000e6500000|  0%| F|  |TAMS 0x00000000e6400000| PB 0x00000000e6400000| Untracked |  0
| 101|0x00000000e6500000, 0x00000000e6600000, 0x00000000e6600000|100%| O|  |TAMS 0x00000000e6500000| PB 0x00000000e6500000| Untracked |  0
| 102|0x00000000e6600000, 0x00000000e6700000, 0x00000000e6700000|100%| O|  |TAMS 0x00000000e6600000| PB 0x00000000e6600000| Untracked |  0
| 103|0x00000000e6700000, 0x00000000e6800000, 0x00000000e6800000|100%| O|  |TAMS 0x00000000e6700000| PB 0x00000000e6700000| Untracked |  0
| 104|0x00000000e6800000, 0x00000000e6900000, 0x00000000e6900000|100%| O|  |TAMS 0x00000000e6800000| PB 0x00000000e6800000| Untracked |  0
| 105|0x00000000e6900000, 0x00000000e6a00000, 0x00000000e6a00000|100%| O|  |TAMS 0x00000000e6900000| PB 0x00000000e6900000| Untracked |  0
| 106|0x00000000e6a00000, 0x00000000e6b00000, 0x00000000e6b00000|100%| O|  |TAMS 0x00000000e6a00000| PB 0x00000000e6a00000| Untracked |  0
| 107|0x00000000e6b00000, 0x00000000e6c00000, 0x00000000e6c00000|100%| O|  |TAMS 0x00000000e6b00000| PB 0x00000000e6b00000| Untracked |  0
| 108|0x00000000e6c00000, 0x00000000e6d00000, 0x00000000e6d00000|100%|HS|  |TAMS 0x00000000e6c00000| PB 0x00000000e6c00000| Complete |  0
| 109|0x00000000e6d00000, 0x00000000e6e00000, 0x00000000e6e00000|100%|HC|  |TAMS 0x00000000e6d00000| PB 0x00000000e6d00000| Complete |  0
| 110|0x00000000e6e00000, 0x00000000e6f00000, 0x00000000e6f00000|100%|HS|  |TAMS 0x00000000e6e00000| PB 0x00000000e6e00000| Complete |  0
| 111|0x00000000e6f00000, 0x00000000e7000000, 0x00000000e7000000|100%|HC|  |TAMS 0x00000000e6f00000| PB 0x00000000e6f00000| Complete |  0
| 112|0x00000000e7000000, 0x00000000e7100000, 0x00000000e7100000|100%|HC|  |TAMS 0x00000000e7000000| PB 0x00000000e7000000| Complete |  0
| 113|0x00000000e7100000, 0x00000000e7200000, 0x00000000e7200000|100%| O|  |TAMS 0x00000000e7100000| PB 0x00000000e7100000| Untracked |  0
| 114|0x00000000e7200000, 0x00000000e7300000, 0x00000000e7300000|100%|HS|  |TAMS 0x00000000e7200000| PB 0x00000000e7200000| Complete |  0
| 115|0x00000000e7300000, 0x00000000e7400000, 0x00000000e7400000|100%|HC|  |TAMS 0x00000000e7300000| PB 0x00000000e7300000| Complete |  0
| 116|0x00000000e7400000, 0x00000000e7500000, 0x00000000e7500000|100%|HS|  |TAMS 0x00000000e7400000| PB 0x00000000e7400000| Complete |  0
| 117|0x00000000e7500000, 0x00000000e7600000, 0x00000000e7600000|100%|HC|  |TAMS 0x00000000e7500000| PB 0x00000000e7500000| Complete |  0
| 118|0x00000000e7600000, 0x00000000e7700000, 0x00000000e7700000|100%|HS|  |TAMS 0x00000000e7600000| PB 0x00000000e7600000| Complete |  0
| 119|0x00000000e7700000, 0x00000000e7800000, 0x00000000e7800000|100%| O|  |TAMS 0x00000000e7700000| PB 0x00000000e7700000| Untracked |  0
| 120|0x00000000e7800000, 0x00000000e7900000, 0x00000000e7900000|100%| O|  |TAMS 0x00000000e7800000| PB 0x00000000e7800000| Untracked |  0
| 121|0x00000000e7900000, 0x00000000e7a00000, 0x00000000e7a00000|100%| O|  |TAMS 0x00000000e7900000| PB 0x00000000e7900000| Untracked |  0
| 122|0x00000000e7a00000, 0x00000000e7b00000, 0x00000000e7b00000|100%| O|  |TAMS 0x00000000e7a00000| PB 0x00000000e7a00000| Untracked |  0
| 123|0x00000000e7b00000, 0x00000000e7c00000, 0x00000000e7c00000|100%| O|  |TAMS 0x00000000e7b00000| PB 0x00000000e7b00000| Untracked |  0
| 124|0x00000000e7c00000, 0x00000000e7c00000, 0x00000000e7d00000|  0%| F|  |TAMS 0x00000000e7c00000| PB 0x00000000e7c00000| Untracked |  0
| 125|0x00000000e7d00000, 0x00000000e7d00000, 0x00000000e7e00000|  0%| F|  |TAMS 0x00000000e7d00000| PB 0x00000000e7d00000| Untracked |  0
| 126|0x00000000e7e00000, 0x00000000e7f00000, 0x00000000e7f00000|100%|HS|  |TAMS 0x00000000e7e00000| PB 0x00000000e7e00000| Complete |  0
| 127|0x00000000e7f00000, 0x00000000e8000000, 0x00000000e8000000|100%|HC|  |TAMS 0x00000000e7f00000| PB 0x00000000e7f00000| Complete |  0
| 128|0x00000000e8000000, 0x00000000e8100000, 0x00000000e8100000|100%|HC|  |TAMS 0x00000000e8000000| PB 0x00000000e8000000| Complete |  0
| 129|0x00000000e8100000, 0x00000000e8200000, 0x00000000e8200000|100%|HC|  |TAMS 0x00000000e8100000| PB 0x00000000e8100000| Complete |  0
| 130|0x00000000e8200000, 0x00000000e8300000, 0x00000000e8300000|100%|HC|  |TAMS 0x00000000e8200000| PB 0x00000000e8200000| Complete |  0
| 131|0x00000000e8300000, 0x00000000e8400000, 0x00000000e8400000|100%|HC|  |TAMS 0x00000000e8300000| PB 0x00000000e8300000| Complete |  0
| 132|0x00000000e8400000, 0x00000000e8400000, 0x00000000e8500000|  0%| F|  |TAMS 0x00000000e8400000| PB 0x00000000e8400000| Untracked |  0
| 133|0x00000000e8500000, 0x00000000e8600000, 0x00000000e8600000|100%| O|  |TAMS 0x00000000e8500000| PB 0x00000000e8500000| Untracked |  0
| 134|0x00000000e8600000, 0x00000000e8700000, 0x00000000e8700000|100%| O|  |TAMS 0x00000000e8600000| PB 0x00000000e8600000| Untracked |  0
| 135|0x00000000e8700000, 0x00000000e8800000, 0x00000000e8800000|100%| O|  |TAMS 0x00000000e8700000| PB 0x00000000e8700000| Untracked |  0
| 136|0x00000000e8800000, 0x00000000e8900000, 0x00000000e8900000|100%| O|  |TAMS 0x00000000e8800000| PB 0x00000000e8800000| Untracked |  0
| 137|0x00000000e8900000, 0x00000000e8a00000, 0x00000000e8a00000|100%| O|  |TAMS 0x00000000e8900000| PB 0x00000000e8900000| Untracked |  0
| 138|0x00000000e8a00000, 0x00000000e8b00000, 0x00000000e8b00000|100%| O|  |TAMS 0x00000000e8a00000| PB 0x00000000e8a00000| Untracked |  0
| 139|0x00000000e8b00000, 0x00000000e8c00000, 0x00000000e8c00000|100%| O|  |TAMS 0x00000000e8b00000| PB 0x00000000e8b00000| Untracked |  0
| 140|0x00000000e8c00000, 0x00000000e8d00000, 0x00000000e8d00000|100%| O|  |TAMS 0x00000000e8c00000| PB 0x00000000e8c00000| Untracked |  0
| 141|0x00000000e8d00000, 0x00000000e8e00000, 0x00000000e8e00000|100%| O|  |TAMS 0x00000000e8d00000| PB 0x00000000e8d00000| Untracked |  0
| 142|0x00000000e8e00000, 0x00000000e8f00000, 0x00000000e8f00000|100%| O|  |TAMS 0x00000000e8e00000| PB 0x00000000e8e00000| Untracked |  0
| 143|0x00000000e8f00000, 0x00000000e9000000, 0x00000000e9000000|100%| O|  |TAMS 0x00000000e8f00000| PB 0x00000000e8f00000| Untracked |  0
| 144|0x00000000e9000000, 0x00000000e9100000, 0x00000000e9100000|100%| O|  |TAMS 0x00000000e9000000| PB 0x00000000e9000000| Untracked |  0
| 145|0x00000000e9100000, 0x00000000e9200000, 0x00000000e9200000|100%|HS|  |TAMS 0x00000000e9100000| PB 0x00000000e9100000| Complete |  0
| 146|0x00000000e9200000, 0x00000000e9300000, 0x00000000e9300000|100%|HC|  |TAMS 0x00000000e9200000| PB 0x00000000e9200000| Complete |  0
| 147|0x00000000e9300000, 0x00000000e9400000, 0x00000000e9400000|100%|HC|  |TAMS 0x00000000e9300000| PB 0x00000000e9300000| Complete |  0
| 148|0x00000000e9400000, 0x00000000e9500000, 0x00000000e9500000|100%|HC|  |TAMS 0x00000000e9400000| PB 0x00000000e9400000| Complete |  0
| 149|0x00000000e9500000, 0x00000000e9600000, 0x00000000e9600000|100%|HC|  |TAMS 0x00000000e9500000| PB 0x00000000e9500000| Complete |  0
| 150|0x00000000e9600000, 0x00000000e9700000, 0x00000000e9700000|100%|HC|  |TAMS 0x00000000e9600000| PB 0x00000000e9600000| Complete |  0
| 151|0x00000000e9700000, 0x00000000e9800000, 0x00000000e9800000|100%|HS|  |TAMS 0x00000000e9700000| PB 0x00000000e9700000| Complete |  0
| 152|0x00000000e9800000, 0x00000000e9900000, 0x00000000e9900000|100%|HC|  |TAMS 0x00000000e9800000| PB 0x00000000e9800000| Complete |  0
| 153|0x00000000e9900000, 0x00000000e9a00000, 0x00000000e9a00000|100%|HC|  |TAMS 0x00000000e9900000| PB 0x00000000e9900000| Complete |  0
| 154|0x00000000e9a00000, 0x00000000e9b00000, 0x00000000e9b00000|100%|HC|  |TAMS 0x00000000e9a00000| PB 0x00000000e9a00000| Complete |  0
| 155|0x00000000e9b00000, 0x00000000e9c00000, 0x00000000e9c00000|100%|HC|  |TAMS 0x00000000e9b00000| PB 0x00000000e9b00000| Complete |  0
| 156|0x00000000e9c00000, 0x00000000e9d00000, 0x00000000e9d00000|100%|HC|  |TAMS 0x00000000e9c00000| PB 0x00000000e9c00000| Complete |  0
| 157|0x00000000e9d00000, 0x00000000e9e00000, 0x00000000e9e00000|100%| O|  |TAMS 0x00000000e9d00000| PB 0x00000000e9d00000| Untracked |  0
| 158|0x00000000e9e00000, 0x00000000e9f00000, 0x00000000e9f00000|100%| O|  |TAMS 0x00000000e9e00000| PB 0x00000000e9e00000| Untracked |  0
| 159|0x00000000e9f00000, 0x00000000ea000000, 0x00000000ea000000|100%| O|  |TAMS 0x00000000e9f00000| PB 0x00000000e9f00000| Untracked |  0
| 160|0x00000000ea000000, 0x00000000ea100000, 0x00000000ea100000|100%| O|  |TAMS 0x00000000ea000000| PB 0x00000000ea000000| Untracked |  0
| 161|0x00000000ea100000, 0x00000000ea200000, 0x00000000ea200000|100%| O|  |TAMS 0x00000000ea100000| PB 0x00000000ea100000| Untracked |  0
| 162|0x00000000ea200000, 0x00000000ea283af0, 0x00000000ea300000| 51%| O|  |TAMS 0x00000000ea200000| PB 0x00000000ea200000| Untracked |  0
| 163|0x00000000ea300000, 0x00000000ea300000, 0x00000000ea400000|  0%| F|  |TAMS 0x00000000ea300000| PB 0x00000000ea300000| Untracked |  0
| 164|0x00000000ea400000, 0x00000000ea400000, 0x00000000ea500000|  0%| F|  |TAMS 0x00000000ea400000| PB 0x00000000ea400000| Untracked |  0
| 165|0x00000000ea500000, 0x00000000ea500000, 0x00000000ea600000|  0%| F|  |TAMS 0x00000000ea500000| PB 0x00000000ea500000| Untracked |  0
| 166|0x00000000ea600000, 0x00000000ea66c9b0, 0x00000000ea700000| 42%| S|CS|TAMS 0x00000000ea600000| PB 0x00000000ea600000| Complete |  0
| 167|0x00000000ea700000, 0x00000000ea800000, 0x00000000ea800000|100%| S|CS|TAMS 0x00000000ea700000| PB 0x00000000ea700000| Complete |  0
| 168|0x00000000ea800000, 0x00000000ea900000, 0x00000000ea900000|100%| S|CS|TAMS 0x00000000ea800000| PB 0x00000000ea800000| Complete |  0
| 169|0x00000000ea900000, 0x00000000eaa00000, 0x00000000eaa00000|100%| S|CS|TAMS 0x00000000ea900000| PB 0x00000000ea900000| Complete |  0
| 170|0x00000000eaa00000, 0x00000000eab00000, 0x00000000eab00000|100%| S|CS|TAMS 0x00000000eaa00000| PB 0x00000000eaa00000| Complete |  0
| 171|0x00000000eab00000, 0x00000000eac00000, 0x00000000eac00000|100%| S|CS|TAMS 0x00000000eab00000| PB 0x00000000eab00000| Complete |  0
| 172|0x00000000eac00000, 0x00000000eac00000, 0x00000000ead00000|  0%| F|  |TAMS 0x00000000eac00000| PB 0x00000000eac00000| Untracked |  0
| 173|0x00000000ead00000, 0x00000000ead00000, 0x00000000eae00000|  0%| F|  |TAMS 0x00000000ead00000| PB 0x00000000ead00000| Untracked |  0
| 174|0x00000000eae00000, 0x00000000eae00000, 0x00000000eaf00000|  0%| F|  |TAMS 0x00000000eae00000| PB 0x00000000eae00000| Untracked |  0
| 175|0x00000000eaf00000, 0x00000000eaf00000, 0x00000000eb000000|  0%| F|  |TAMS 0x00000000eaf00000| PB 0x00000000eaf00000| Untracked |  0
| 176|0x00000000eb000000, 0x00000000eb000000, 0x00000000eb100000|  0%| F|  |TAMS 0x00000000eb000000| PB 0x00000000eb000000| Untracked |  0
| 177|0x00000000eb100000, 0x00000000eb100000, 0x00000000eb200000|  0%| F|  |TAMS 0x00000000eb100000| PB 0x00000000eb100000| Untracked |  0
| 178|0x00000000eb200000, 0x00000000eb200000, 0x00000000eb300000|  0%| F|  |TAMS 0x00000000eb200000| PB 0x00000000eb200000| Untracked |  0
| 179|0x00000000eb300000, 0x00000000eb300000, 0x00000000eb400000|  0%| F|  |TAMS 0x00000000eb300000| PB 0x00000000eb300000| Untracked |  0
| 180|0x00000000eb400000, 0x00000000eb400000, 0x00000000eb500000|  0%| F|  |TAMS 0x00000000eb400000| PB 0x00000000eb400000| Untracked |  0
| 181|0x00000000eb500000, 0x00000000eb500000, 0x00000000eb600000|  0%| F|  |TAMS 0x00000000eb500000| PB 0x00000000eb500000| Untracked |  0
| 182|0x00000000eb600000, 0x00000000eb600000, 0x00000000eb700000|  0%| F|  |TAMS 0x00000000eb600000| PB 0x00000000eb600000| Untracked |  0
| 183|0x00000000eb700000, 0x00000000eb700000, 0x00000000eb800000|  0%| F|  |TAMS 0x00000000eb700000| PB 0x00000000eb700000| Untracked |  0
| 184|0x00000000eb800000, 0x00000000eb800000, 0x00000000eb900000|  0%| F|  |TAMS 0x00000000eb800000| PB 0x00000000eb800000| Untracked |  0
| 185|0x00000000eb900000, 0x00000000eb900000, 0x00000000eba00000|  0%| F|  |TAMS 0x00000000eb900000| PB 0x00000000eb900000| Untracked |  0
| 186|0x00000000eba00000, 0x00000000eba00000, 0x00000000ebb00000|  0%| F|  |TAMS 0x00000000eba00000| PB 0x00000000eba00000| Untracked |  0
| 187|0x00000000ebb00000, 0x00000000ebb00000, 0x00000000ebc00000|  0%| F|  |TAMS 0x00000000ebb00000| PB 0x00000000ebb00000| Untracked |  0
| 188|0x00000000ebc00000, 0x00000000ebc00000, 0x00000000ebd00000|  0%| F|  |TAMS 0x00000000ebc00000| PB 0x00000000ebc00000| Untracked |  0
| 189|0x00000000ebd00000, 0x00000000ebd00000, 0x00000000ebe00000|  0%| F|  |TAMS 0x00000000ebd00000| PB 0x00000000ebd00000| Untracked |  0
| 190|0x00000000ebe00000, 0x00000000ebe00000, 0x00000000ebf00000|  0%| F|  |TAMS 0x00000000ebe00000| PB 0x00000000ebe00000| Untracked |  0
| 191|0x00000000ebf00000, 0x00000000ebf00000, 0x00000000ec000000|  0%| F|  |TAMS 0x00000000ebf00000| PB 0x00000000ebf00000| Untracked |  0
| 192|0x00000000ec000000, 0x00000000ec000000, 0x00000000ec100000|  0%| F|  |TAMS 0x00000000ec000000| PB 0x00000000ec000000| Untracked |  0
| 193|0x00000000ec100000, 0x00000000ec100000, 0x00000000ec200000|  0%| F|  |TAMS 0x00000000ec100000| PB 0x00000000ec100000| Untracked |  0
| 194|0x00000000ec200000, 0x00000000ec200000, 0x00000000ec300000|  0%| F|  |TAMS 0x00000000ec200000| PB 0x00000000ec200000| Untracked |  0
| 195|0x00000000ec300000, 0x00000000ec300000, 0x00000000ec400000|  0%| F|  |TAMS 0x00000000ec300000| PB 0x00000000ec300000| Untracked |  0
| 196|0x00000000ec400000, 0x00000000ec400000, 0x00000000ec500000|  0%| F|  |TAMS 0x00000000ec400000| PB 0x00000000ec400000| Untracked |  0
| 197|0x00000000ec500000, 0x00000000ec500000, 0x00000000ec600000|  0%| F|  |TAMS 0x00000000ec500000| PB 0x00000000ec500000| Untracked |  0
| 198|0x00000000ec600000, 0x00000000ec600000, 0x00000000ec700000|  0%| F|  |TAMS 0x00000000ec600000| PB 0x00000000ec600000| Untracked |  0
| 199|0x00000000ec700000, 0x00000000ec700000, 0x00000000ec800000|  0%| F|  |TAMS 0x00000000ec700000| PB 0x00000000ec700000| Untracked |  0
| 200|0x00000000ec800000, 0x00000000ec800000, 0x00000000ec900000|  0%| F|  |TAMS 0x00000000ec800000| PB 0x00000000ec800000| Untracked |  0
| 201|0x00000000ec900000, 0x00000000ec900000, 0x00000000eca00000|  0%| F|  |TAMS 0x00000000ec900000| PB 0x00000000ec900000| Untracked |  0
| 202|0x00000000eca00000, 0x00000000eca00000, 0x00000000ecb00000|  0%| F|  |TAMS 0x00000000eca00000| PB 0x00000000eca00000| Untracked |  0
| 203|0x00000000ecb00000, 0x00000000ecb00000, 0x00000000ecc00000|  0%| F|  |TAMS 0x00000000ecb00000| PB 0x00000000ecb00000| Untracked |  0
| 204|0x00000000ecc00000, 0x00000000ecc00000, 0x00000000ecd00000|  0%| F|  |TAMS 0x00000000ecc00000| PB 0x00000000ecc00000| Untracked |  0
| 205|0x00000000ecd00000, 0x00000000ecd00000, 0x00000000ece00000|  0%| F|  |TAMS 0x00000000ecd00000| PB 0x00000000ecd00000| Untracked |  0
| 206|0x00000000ece00000, 0x00000000ece00000, 0x00000000ecf00000|  0%| F|  |TAMS 0x00000000ece00000| PB 0x00000000ece00000| Untracked |  0
| 207|0x00000000ecf00000, 0x00000000ecf00000, 0x00000000ed000000|  0%| F|  |TAMS 0x00000000ecf00000| PB 0x00000000ecf00000| Untracked |  0
| 208|0x00000000ed000000, 0x00000000ed000000, 0x00000000ed100000|  0%| F|  |TAMS 0x00000000ed000000| PB 0x00000000ed000000| Untracked |  0
| 209|0x00000000ed100000, 0x00000000ed100000, 0x00000000ed200000|  0%| F|  |TAMS 0x00000000ed100000| PB 0x00000000ed100000| Untracked |  0
| 210|0x00000000ed200000, 0x00000000ed200000, 0x00000000ed300000|  0%| F|  |TAMS 0x00000000ed200000| PB 0x00000000ed200000| Untracked |  0
| 211|0x00000000ed300000, 0x00000000ed300000, 0x00000000ed400000|  0%| F|  |TAMS 0x00000000ed300000| PB 0x00000000ed300000| Untracked |  0
| 212|0x00000000ed400000, 0x00000000ed400000, 0x00000000ed500000|  0%| F|  |TAMS 0x00000000ed400000| PB 0x00000000ed400000| Untracked |  0
| 213|0x00000000ed500000, 0x00000000ed500000, 0x00000000ed600000|  0%| F|  |TAMS 0x00000000ed500000| PB 0x00000000ed500000| Untracked |  0
| 214|0x00000000ed600000, 0x00000000ed600000, 0x00000000ed700000|  0%| F|  |TAMS 0x00000000ed600000| PB 0x00000000ed600000| Untracked |  0
| 215|0x00000000ed700000, 0x00000000ed700000, 0x00000000ed800000|  0%| F|  |TAMS 0x00000000ed700000| PB 0x00000000ed700000| Untracked |  0
| 216|0x00000000ed800000, 0x00000000ed800000, 0x00000000ed900000|  0%| F|  |TAMS 0x00000000ed800000| PB 0x00000000ed800000| Untracked |  0
| 217|0x00000000ed900000, 0x00000000ed900000, 0x00000000eda00000|  0%| F|  |TAMS 0x00000000ed900000| PB 0x00000000ed900000| Untracked |  0
| 218|0x00000000eda00000, 0x00000000eda00000, 0x00000000edb00000|  0%| F|  |TAMS 0x00000000eda00000| PB 0x00000000eda00000| Untracked |  0
| 219|0x00000000edb00000, 0x00000000edb00000, 0x00000000edc00000|  0%| F|  |TAMS 0x00000000edb00000| PB 0x00000000edb00000| Untracked |  0
| 220|0x00000000edc00000, 0x00000000edc00000, 0x00000000edd00000|  0%| F|  |TAMS 0x00000000edc00000| PB 0x00000000edc00000| Untracked |  0
| 221|0x00000000edd00000, 0x00000000edd00000, 0x00000000ede00000|  0%| F|  |TAMS 0x00000000edd00000| PB 0x00000000edd00000| Untracked |  0
| 222|0x00000000ede00000, 0x00000000ede00000, 0x00000000edf00000|  0%| F|  |TAMS 0x00000000ede00000| PB 0x00000000ede00000| Untracked |  0
| 223|0x00000000edf00000, 0x00000000edf00000, 0x00000000ee000000|  0%| F|  |TAMS 0x00000000edf00000| PB 0x00000000edf00000| Untracked |  0
| 224|0x00000000ee000000, 0x00000000ee000000, 0x00000000ee100000|  0%| F|  |TAMS 0x00000000ee000000| PB 0x00000000ee000000| Untracked |  0
| 225|0x00000000ee100000, 0x00000000ee100000, 0x00000000ee200000|  0%| F|  |TAMS 0x00000000ee100000| PB 0x00000000ee100000| Untracked |  0
| 226|0x00000000ee200000, 0x00000000ee200000, 0x00000000ee300000|  0%| F|  |TAMS 0x00000000ee200000| PB 0x00000000ee200000| Untracked |  0
| 227|0x00000000ee300000, 0x00000000ee300000, 0x00000000ee400000|  0%| F|  |TAMS 0x00000000ee300000| PB 0x00000000ee300000| Untracked |  0
| 228|0x00000000ee400000, 0x00000000ee400000, 0x00000000ee500000|  0%| F|  |TAMS 0x00000000ee400000| PB 0x00000000ee400000| Untracked |  0
| 229|0x00000000ee500000, 0x00000000ee500000, 0x00000000ee600000|  0%| F|  |TAMS 0x00000000ee500000| PB 0x00000000ee500000| Untracked |  0
| 230|0x00000000ee600000, 0x00000000ee600000, 0x00000000ee700000|  0%| F|  |TAMS 0x00000000ee600000| PB 0x00000000ee600000| Untracked |  0
| 231|0x00000000ee700000, 0x00000000ee700000, 0x00000000ee800000|  0%| F|  |TAMS 0x00000000ee700000| PB 0x00000000ee700000| Untracked |  0
| 232|0x00000000ee800000, 0x00000000ee800000, 0x00000000ee900000|  0%| F|  |TAMS 0x00000000ee800000| PB 0x00000000ee800000| Untracked |  0
| 233|0x00000000ee900000, 0x00000000ee900000, 0x00000000eea00000|  0%| F|  |TAMS 0x00000000ee900000| PB 0x00000000ee900000| Untracked |  0
| 234|0x00000000eea00000, 0x00000000eea00000, 0x00000000eeb00000|  0%| F|  |TAMS 0x00000000eea00000| PB 0x00000000eea00000| Untracked |  0
| 235|0x00000000eeb00000, 0x00000000eeb79538, 0x00000000eec00000| 47%| E|  |TAMS 0x00000000eeb00000| PB 0x00000000eeb00000| Complete |  0
| 236|0x00000000eec00000, 0x00000000eed00000, 0x00000000eed00000|100%| E|CS|TAMS 0x00000000eec00000| PB 0x00000000eec00000| Complete |  0
| 237|0x00000000eed00000, 0x00000000eee00000, 0x00000000eee00000|100%| E|CS|TAMS 0x00000000eed00000| PB 0x00000000eed00000| Complete |  0
| 238|0x00000000eee00000, 0x00000000eef00000, 0x00000000eef00000|100%| E|CS|TAMS 0x00000000eee00000| PB 0x00000000eee00000| Complete |  0
| 239|0x00000000eef00000, 0x00000000ef000000, 0x00000000ef000000|100%| E|CS|TAMS 0x00000000eef00000| PB 0x00000000eef00000| Complete |  0
| 240|0x00000000ef000000, 0x00000000ef100000, 0x00000000ef100000|100%| E|CS|TAMS 0x00000000ef000000| PB 0x00000000ef000000| Complete |  0
| 241|0x00000000ef100000, 0x00000000ef200000, 0x00000000ef200000|100%| E|CS|TAMS 0x00000000ef100000| PB 0x00000000ef100000| Complete |  0
| 242|0x00000000ef200000, 0x00000000ef300000, 0x00000000ef300000|100%| E|CS|TAMS 0x00000000ef200000| PB 0x00000000ef200000| Complete |  0
| 243|0x00000000ef300000, 0x00000000ef400000, 0x00000000ef400000|100%| E|CS|TAMS 0x00000000ef300000| PB 0x00000000ef300000| Complete |  0
| 244|0x00000000ef400000, 0x00000000ef500000, 0x00000000ef500000|100%| E|CS|TAMS 0x00000000ef400000| PB 0x00000000ef400000| Complete |  0
| 245|0x00000000ef500000, 0x00000000ef600000, 0x00000000ef600000|100%| E|CS|TAMS 0x00000000ef500000| PB 0x00000000ef500000| Complete |  0
| 246|0x00000000ef600000, 0x00000000ef700000, 0x00000000ef700000|100%| E|  |TAMS 0x00000000ef600000| PB 0x00000000ef600000| Complete |  0
| 247|0x00000000ef700000, 0x00000000ef800000, 0x00000000ef800000|100%| E|CS|TAMS 0x00000000ef700000| PB 0x00000000ef700000| Complete |  0
| 248|0x00000000ef800000, 0x00000000ef900000, 0x00000000ef900000|100%| E|CS|TAMS 0x00000000ef800000| PB 0x00000000ef800000| Complete |  0
| 249|0x00000000ef900000, 0x00000000efa00000, 0x00000000efa00000|100%| E|CS|TAMS 0x00000000ef900000| PB 0x00000000ef900000| Complete |  0
| 250|0x00000000efa00000, 0x00000000efb00000, 0x00000000efb00000|100%| E|CS|TAMS 0x00000000efa00000| PB 0x00000000efa00000| Complete |  0
| 251|0x00000000efb00000, 0x00000000efc00000, 0x00000000efc00000|100%| E|CS|TAMS 0x00000000efb00000| PB 0x00000000efb00000| Complete |  0
| 252|0x00000000efc00000, 0x00000000efd00000, 0x00000000efd00000|100%| E|CS|TAMS 0x00000000efc00000| PB 0x00000000efc00000| Complete |  0
| 253|0x00000000efd00000, 0x00000000efe00000, 0x00000000efe00000|100%| E|CS|TAMS 0x00000000efd00000| PB 0x00000000efd00000| Complete |  0
| 254|0x00000000efe00000, 0x00000000eff00000, 0x00000000eff00000|100%| E|CS|TAMS 0x00000000efe00000| PB 0x00000000efe00000| Complete |  0
| 255|0x00000000eff00000, 0x00000000f0000000, 0x00000000f0000000|100%| E|CS|TAMS 0x00000000eff00000| PB 0x00000000eff00000| Complete |  0
| 256|0x00000000f0000000, 0x00000000f0100000, 0x00000000f0100000|100%| E|CS|TAMS 0x00000000f0000000| PB 0x00000000f0000000| Complete |  0
| 257|0x00000000f0100000, 0x00000000f0200000, 0x00000000f0200000|100%| E|CS|TAMS 0x00000000f0100000| PB 0x00000000f0100000| Complete |  0
| 258|0x00000000f0200000, 0x00000000f0300000, 0x00000000f0300000|100%| E|CS|TAMS 0x00000000f0200000| PB 0x00000000f0200000| Complete |  0
| 259|0x00000000f0300000, 0x00000000f0400000, 0x00000000f0400000|100%| E|CS|TAMS 0x00000000f0300000| PB 0x00000000f0300000| Complete |  0
| 260|0x00000000f0400000, 0x00000000f0500000, 0x00000000f0500000|100%| E|CS|TAMS 0x00000000f0400000| PB 0x00000000f0400000| Complete |  0
| 261|0x00000000f0500000, 0x00000000f0600000, 0x00000000f0600000|100%| E|CS|TAMS 0x00000000f0500000| PB 0x00000000f0500000| Complete |  0
| 262|0x00000000f0600000, 0x00000000f0700000, 0x00000000f0700000|100%| E|CS|TAMS 0x00000000f0600000| PB 0x00000000f0600000| Complete |  0
| 263|0x00000000f0700000, 0x00000000f0800000, 0x00000000f0800000|100%| E|CS|TAMS 0x00000000f0700000| PB 0x00000000f0700000| Complete |  0
| 264|0x00000000f0800000, 0x00000000f0900000, 0x00000000f0900000|100%| E|CS|TAMS 0x00000000f0800000| PB 0x00000000f0800000| Complete |  0
| 265|0x00000000f0900000, 0x00000000f0a00000, 0x00000000f0a00000|100%| E|CS|TAMS 0x00000000f0900000| PB 0x00000000f0900000| Complete |  0
| 266|0x00000000f0a00000, 0x00000000f0b00000, 0x00000000f0b00000|100%| E|CS|TAMS 0x00000000f0a00000| PB 0x00000000f0a00000| Complete |  0
| 267|0x00000000f0b00000, 0x00000000f0c00000, 0x00000000f0c00000|100%| E|CS|TAMS 0x00000000f0b00000| PB 0x00000000f0b00000| Complete |  0
| 268|0x00000000f0c00000, 0x00000000f0d00000, 0x00000000f0d00000|100%| E|CS|TAMS 0x00000000f0c00000| PB 0x00000000f0c00000| Complete |  0
| 269|0x00000000f0d00000, 0x00000000f0e00000, 0x00000000f0e00000|100%| E|CS|TAMS 0x00000000f0d00000| PB 0x00000000f0d00000| Complete |  0
| 270|0x00000000f0e00000, 0x00000000f0f00000, 0x00000000f0f00000|100%| E|CS|TAMS 0x00000000f0e00000| PB 0x00000000f0e00000| Complete |  0
| 271|0x00000000f0f00000, 0x00000000f1000000, 0x00000000f1000000|100%| E|CS|TAMS 0x00000000f0f00000| PB 0x00000000f0f00000| Complete |  0
| 272|0x00000000f1000000, 0x00000000f1100000, 0x00000000f1100000|100%| E|CS|TAMS 0x00000000f1000000| PB 0x00000000f1000000| Complete |  0
| 483|0x00000000fe300000, 0x00000000fe400000, 0x00000000fe400000|100%| O|  |TAMS 0x00000000fe300000| PB 0x00000000fe300000| Untracked |  0
| 484|0x00000000fe400000, 0x00000000fe500000, 0x00000000fe500000|100%| O|  |TAMS 0x00000000fe400000| PB 0x00000000fe400000| Untracked |  0
| 485|0x00000000fe500000, 0x00000000fe600000, 0x00000000fe600000|100%| O|  |TAMS 0x00000000fe500000| PB 0x00000000fe500000| Untracked |  0
| 486|0x00000000fe600000, 0x00000000fe700000, 0x00000000fe700000|100%| O|  |TAMS 0x00000000fe600000| PB 0x00000000fe600000| Untracked |  0
| 487|0x00000000fe700000, 0x00000000fe800000, 0x00000000fe800000|100%| O|  |TAMS 0x00000000fe700000| PB 0x00000000fe700000| Untracked |  0
| 488|0x00000000fe800000, 0x00000000fe900000, 0x00000000fe900000|100%| O|  |TAMS 0x00000000fe800000| PB 0x00000000fe800000| Untracked |  0
| 489|0x00000000fe900000, 0x00000000fea00000, 0x00000000fea00000|100%| O|  |TAMS 0x00000000fe900000| PB 0x00000000fe900000| Untracked |  0
| 490|0x00000000fea00000, 0x00000000feb00000, 0x00000000feb00000|100%| O|  |TAMS 0x00000000fea00000| PB 0x00000000fea00000| Untracked |  0
| 491|0x00000000feb00000, 0x00000000fec00000, 0x00000000fec00000|100%| E|CS|TAMS 0x00000000feb00000| PB 0x00000000feb00000| Complete |  0
| 492|0x00000000fec00000, 0x00000000fed00000, 0x00000000fed00000|100%| E|CS|TAMS 0x00000000fec00000| PB 0x00000000fec00000| Complete |  0
| 493|0x00000000fed00000, 0x00000000fee00000, 0x00000000fee00000|100%| O|  |TAMS 0x00000000fed00000| PB 0x00000000fed00000| Untracked |  0
| 494|0x00000000fee00000, 0x00000000fef00000, 0x00000000fef00000|100%| O|  |TAMS 0x00000000fee00000| PB 0x00000000fee00000| Untracked |  0
| 495|0x00000000fef00000, 0x00000000ff000000, 0x00000000ff000000|100%| O|  |TAMS 0x00000000fef00000| PB 0x00000000fef00000| Untracked |  0
| 496|0x00000000ff000000, 0x00000000ff100000, 0x00000000ff100000|100%| E|CS|TAMS 0x00000000ff000000| PB 0x00000000ff000000| Complete |  0
| 497|0x00000000ff100000, 0x00000000ff200000, 0x00000000ff200000|100%| E|CS|TAMS 0x00000000ff100000| PB 0x00000000ff100000| Complete |  0
| 498|0x00000000ff200000, 0x00000000ff300000, 0x00000000ff300000|100%| E|CS|TAMS 0x00000000ff200000| PB 0x00000000ff200000| Complete |  0
| 499|0x00000000ff300000, 0x00000000ff400000, 0x00000000ff400000|100%| E|CS|TAMS 0x00000000ff300000| PB 0x00000000ff300000| Complete |  0
| 500|0x00000000ff400000, 0x00000000ff500000, 0x00000000ff500000|100%| E|CS|TAMS 0x00000000ff400000| PB 0x00000000ff400000| Complete |  0
| 501|0x00000000ff500000, 0x00000000ff600000, 0x00000000ff600000|100%| E|CS|TAMS 0x00000000ff500000| PB 0x00000000ff500000| Complete |  0
| 502|0x00000000ff600000, 0x00000000ff700000, 0x00000000ff700000|100%| E|CS|TAMS 0x00000000ff600000| PB 0x00000000ff600000| Complete |  0
| 503|0x00000000ff700000, 0x00000000ff800000, 0x00000000ff800000|100%| E|CS|TAMS 0x00000000ff700000| PB 0x00000000ff700000| Complete |  0
| 504|0x00000000ff800000, 0x00000000ff900000, 0x00000000ff900000|100%| E|CS|TAMS 0x00000000ff800000| PB 0x00000000ff800000| Complete |  0
| 505|0x00000000ff900000, 0x00000000ffa00000, 0x00000000ffa00000|100%| E|CS|TAMS 0x00000000ff900000| PB 0x00000000ff900000| Complete |  0
| 506|0x00000000ffa00000, 0x00000000ffb00000, 0x00000000ffb00000|100%| E|CS|TAMS 0x00000000ffa00000| PB 0x00000000ffa00000| Complete |  0
| 507|0x00000000ffb00000, 0x00000000ffc00000, 0x00000000ffc00000|100%| E|CS|TAMS 0x00000000ffb00000| PB 0x00000000ffb00000| Complete |  0
| 508|0x00000000ffc00000, 0x00000000ffd00000, 0x00000000ffd00000|100%| E|CS|TAMS 0x00000000ffc00000| PB 0x00000000ffc00000| Complete |  0
| 509|0x00000000ffd00000, 0x00000000ffe00000, 0x00000000ffe00000|100%| E|CS|TAMS 0x00000000ffd00000| PB 0x00000000ffd00000| Complete |  0
| 510|0x00000000ffe00000, 0x00000000fff00000, 0x00000000fff00000|100%| O|  |TAMS 0x00000000ffe00000| PB 0x00000000ffe00000| Untracked |  0
| 511|0x00000000fff00000, 0x0000000100000000, 0x0000000100000000|100%| E|CS|TAMS 0x00000000fff00000| PB 0x00000000fff00000| Complete |  0

Card table byte_map: [0x000002147e460000,0x000002147e560000] _byte_map_base: 0x000002147dd60000

Marking Bits: (CMBitMap*) 0x000002147de820f0
 Bits: [0x000002147e560000, 0x000002147ed60000)

Polling page: 0x000002147d620000

Metaspace:
Metaspace        used 81564K, committed 84032K, reserved 458752K
 class space     used 9410K, committed 10624K, reserved 327680K

Usage:
  Non-class:     70.46 MB used.
      Class:      9.19 MB used.
       Both:     79.65 MB used.

Virtual space:
  Non-class space:      128.00 MB reserved,      71.69 MB ( 56%) committed,  2 nodes.
      Class space:      320.00 MB reserved,      10.38 MB (  3%) committed,  1 nodes.
             Both:      448.00 MB reserved,      82.06 MB ( 18%) committed. 

Chunk freelists:
   Non-Class:  7.95 MB
       Class:  5.54 MB
        Both:  13.50 MB

MaxMetaspaceSize: 384.00 MB
CompressedClassSpaceSize: 320.00 MB
Initial GC threshold: 21.00 MB
Current GC threshold: 112.19 MB
CDS: on
 - commit_granule_bytes: 65536.
 - commit_granule_words: 8192.
 - virtual_space_node_default_size: 8388608.
 - enlarge_chunks_in_place: 1.
UseCompressedClassPointers 1, UseCompactObjectHeaders 0
Narrow klass pointer bits 32, Max shift 3
Narrow klass base: 0x000000001d000000, Narrow klass shift: 0
Encoding Range: [0x000000001d000000 - 0x000000011d000000), (4294967296 bytes)
Klass Range:    [0x000000001d010000 - 0x0000000032000000), (352256000 bytes)
Klass ID Range:  [65536 - 352321529) (352255993)
Protection zone: [0x000000001d000000 - 0x000000001d010000), (65536 bytes)


Internal statistics:

num_allocs_failed_limit: 12.
num_arena_births: 4246.
num_arena_deaths: 6.
num_vsnodes_births: 3.
num_vsnodes_deaths: 0.
num_space_committed: 1313.
num_space_uncommitted: 0.
num_chunks_returned_to_freelist: 22.
num_chunks_taken_from_freelist: 8149.
num_chunk_merges: 12.
num_chunk_splits: 5336.
num_chunks_enlarged: 3379.
num_inconsistent_stats: 0.

CodeHeap 'non-profiled nmethods': size=120064Kb used=8102Kb max_used=8102Kb free=111961Kb
 bounds [0x0000021410280000, 0x0000021410a70000, 0x00000214177c0000]
CodeHeap 'profiled nmethods': size=120000Kb used=21125Kb max_used=21125Kb free=98874Kb
 bounds [0x00000214087c0000, 0x0000021409c70000, 0x000002140fcf0000]
CodeHeap 'non-nmethods': size=5696Kb used=2012Kb max_used=2087Kb free=3683Kb
 bounds [0x000002140fcf0000, 0x000002140ff60000, 0x0000021410280000]
CodeCache: size=245760Kb, used=31239Kb, max_used=31314Kb, free=214518Kb
 total_blobs=15273, nmethods=14419, adapters=755, full_count=0
Compilation: enabled, stopped_count=0, restarted_count=0

Compilation events (20 events):
Event: 1211.203 Thread 0x000002147f71a240 17394       4       java.util.LinkedHashMap::keysToArray (80 bytes)
Event: 1211.210 Thread 0x000002147f71a240 nmethod 17394 0x0000021410a68f08 code [0x0000021410a69000, 0x0000021410a695e0]
Event: 1211.228 Thread 0x000002147f721970 nmethod 17390 0x0000021409c5eb88 code [0x0000021409c5ec80, 0x0000021409c5eff8]
Event: 1211.228 Thread 0x000002147f721970 17393       3       org.gradle.internal.component.local.model.OpaqueComponentArtifactIdentifier::hashCode (8 bytes)
Event: 1211.229 Thread 0x000002147f721970 nmethod 17393 0x0000021409c5f088 code [0x0000021409c5f180, 0x0000021409c5f500]
Event: 1211.235 Thread 0x000002147f721970 17391       3       org.gradle.api.internal.artifacts.transform.AbstractTransformExecution$$Lambda/0x000000001e6bb6e0::getValue (8 bytes)
Event: 1211.239 Thread 0x000002147f721970 nmethod 17391 0x0000021409c5f588 code [0x0000021409c5f680, 0x0000021409c5f9b8]
Event: 1211.239 Thread 0x000002147f721970 17395       1       org.gradle.api.internal.changedetection.state.DefaultRegularFileSnapshotContext::getSnapshot (5 bytes)
Event: 1211.255 Thread 0x000002147f721970 nmethod 17395 0x0000021410a69608 code [0x0000021410a69700, 0x0000021410a697c8]
Event: 1211.332 Thread 0x000002147f721970 17396       3       java.util.LinkedHashMap::afterNodeAccess (266 bytes)
Event: 1211.341 Thread 0x000002147f721970 nmethod 17396 0x0000021409c5fa08 code [0x0000021409c5fb00, 0x0000021409c60638]
Event: 1211.394 Thread 0x000002147f721970 17397   !   3       java.lang.invoke.MethodHandleImpl::profileBoolean (34 bytes)
Event: 1211.395 Thread 0x000002147f721970 nmethod 17397 0x0000021409c60688 code [0x0000021409c60780, 0x0000021409c60b58]
Event: 1211.395 Thread 0x000002147f721970 17398       3       java.lang.invoke.MethodHandleImpl$CountingWrapper::maybeStopCounting (25 bytes)
Event: 1211.404 Thread 0x000002147f721970 nmethod 17398 0x0000021409c60b88 code [0x0000021409c60c80, 0x0000021409c61058]
Event: 1211.404 Thread 0x000002147f721970 17399       3       java.lang.invoke.MethodHandleImpl$CountingWrapper::countDown (42 bytes)
Event: 1211.408 Thread 0x000002147f721970 nmethod 17399 0x0000021409c61088 code [0x0000021409c61180, 0x0000021409c61420]
Event: 1211.562 Thread 0x000002147f71a240 17400   !   4       java.io.BufferedReader::readLine (331 bytes)
Event: 1211.562 Thread 0x000002147f721970 17401       3       java.io.BufferedReader::ensureOpen (18 bytes)
Event: 1211.562 Thread 0x000002147f721970 nmethod 17401 0x0000021409c61488 code [0x0000021409c61580, 0x0000021409c61780]

GC Heap Usage History (20 events):
Event: 36.260 {heap Before GC invocations=42 (full 0):
 garbage-first heap   total reserved 524288K, committed 281600K, used 265285K [0x00000000e0000000, 0x0000000100000000)
  region size 1024K, 139 young (142336K), 11 survivors (11264K)
}
Event: 36.274 {heap After GC invocations=43 (full 0):
 garbage-first heap   total reserved 524288K, committed 281600K, used 133640K [0x00000000e0000000, 0x0000000100000000)
  region size 1024K, 12 young (12288K), 12 survivors (12288K)
}
Event: 36.830 {heap Before GC invocations=43 (full 0):
 garbage-first heap   total reserved 524288K, committed 281600K, used 264712K [0x00000000e0000000, 0x0000000100000000)
  region size 1024K, 140 young (143360K), 12 survivors (12288K)
}
Event: 36.840 {heap After GC invocations=44 (full 0):
 garbage-first heap   total reserved 524288K, committed 281600K, used 134635K [0x00000000e0000000, 0x0000000100000000)
  region size 1024K, 11 young (11264K), 11 survivors (11264K)
}
Event: 37.752 {heap Before GC invocations=45 (full 0):
 garbage-first heap   total reserved 524288K, committed 281600K, used 265707K [0x00000000e0000000, 0x0000000100000000)
  region size 1024K, 139 young (142336K), 11 survivors (11264K)
}
Event: 37.762 {heap After GC invocations=46 (full 0):
 garbage-first heap   total reserved 524288K, committed 281600K, used 135718K [0x00000000e0000000, 0x0000000100000000)
  region size 1024K, 11 young (11264K), 11 survivors (11264K)
}
Event: 39.143 {heap Before GC invocations=46 (full 0):
 garbage-first heap   total reserved 524288K, committed 281600K, used 265766K [0x00000000e0000000, 0x0000000100000000)
  region size 1024K, 138 young (141312K), 11 survivors (11264K)
}
Event: 39.156 {heap After GC invocations=47 (full 0):
 garbage-first heap   total reserved 524288K, committed 281600K, used 135300K [0x00000000e0000000, 0x0000000100000000)
  region size 1024K, 11 young (11264K), 11 survivors (11264K)
}
Event: 39.718 {heap Before GC invocations=47 (full 0):
 garbage-first heap   total reserved 524288K, committed 281600K, used 265348K [0x00000000e0000000, 0x0000000100000000)
  region size 1024K, 138 young (141312K), 11 survivors (11264K)
}
Event: 39.726 {heap After GC invocations=48 (full 0):
 garbage-first heap   total reserved 524288K, committed 281600K, used 130611K [0x00000000e0000000, 0x0000000100000000)
  region size 1024K, 11 young (11264K), 11 survivors (11264K)
}
Event: 43.172 {heap Before GC invocations=49 (full 0):
 garbage-first heap   total reserved 524288K, committed 281600K, used 278067K [0x00000000e0000000, 0x0000000100000000)
  region size 1024K, 142 young (145408K), 11 survivors (11264K)
}
Event: 43.180 {heap After GC invocations=50 (full 0):
 garbage-first heap   total reserved 524288K, committed 290816K, used 143841K [0x00000000e0000000, 0x0000000100000000)
  region size 1024K, 9 young (9216K), 9 survivors (9216K)
}
Event: 45.774 {heap Before GC invocations=50 (full 0):
 garbage-first heap   total reserved 524288K, committed 290816K, used 272865K [0x00000000e0000000, 0x0000000100000000)
  region size 1024K, 136 young (139264K), 9 survivors (9216K)
}
Event: 45.791 {heap After GC invocations=51 (full 0):
 garbage-first heap   total reserved 524288K, committed 293888K, used 151071K [0x00000000e0000000, 0x0000000100000000)
  region size 1024K, 17 young (17408K), 17 survivors (17408K)
}
Event: 45.919 {heap Before GC invocations=51 (full 0):
 garbage-first heap   total reserved 524288K, committed 293888K, used 157215K [0x00000000e0000000, 0x0000000100000000)
  region size 1024K, 24 young (24576K), 17 survivors (17408K)
}
Event: 45.934 {heap After GC invocations=52 (full 0):
 garbage-first heap   total reserved 524288K, committed 293888K, used 152627K [0x00000000e0000000, 0x0000000100000000)
  region size 1024K, 11 young (11264K), 11 survivors (11264K)
}
Event: 52.287 {heap Before GC invocations=53 (full 0):
 garbage-first heap   total reserved 524288K, committed 293888K, used 287795K [0x00000000e0000000, 0x0000000100000000)
  region size 1024K, 129 young (132096K), 11 survivors (11264K)
}
Event: 52.309 {heap After GC invocations=54 (full 0):
 garbage-first heap   total reserved 524288K, committed 309248K, used 176522K [0x00000000e0000000, 0x0000000100000000)
  region size 1024K, 11 young (11264K), 11 survivors (11264K)
}
Event: 54.926 {heap Before GC invocations=54 (full 0):
 garbage-first heap   total reserved 524288K, committed 309248K, used 289162K [0x00000000e0000000, 0x0000000100000000)
  region size 1024K, 121 young (123904K), 11 survivors (11264K)
}
Event: 54.941 {heap After GC invocations=55 (full 0):
 garbage-first heap   total reserved 524288K, committed 309248K, used 176065K [0x00000000e0000000, 0x0000000100000000)
  region size 1024K, 6 young (6144K), 6 survivors (6144K)
}

Metaspace Usage History (20 events):
Event: 36.260 {metaspace Before GC invocations=42 (full 0):
 Metaspace       used 53152K, committed 54848K, reserved 393216K
  class space    used 6129K, committed 6912K, reserved 327680K
}
Event: 36.275 {metaspace After GC invocations=43 (full 0):
 Metaspace       used 53152K, committed 54848K, reserved 393216K
  class space    used 6129K, committed 6912K, reserved 327680K
}
Event: 36.830 {metaspace Before GC invocations=43 (full 0):
 Metaspace       used 53152K, committed 54848K, reserved 393216K
  class space    used 6129K, committed 6912K, reserved 327680K
}
Event: 36.840 {metaspace After GC invocations=44 (full 0):
 Metaspace       used 53152K, committed 54848K, reserved 393216K
  class space    used 6129K, committed 6912K, reserved 327680K
}
Event: 37.752 {metaspace Before GC invocations=45 (full 0):
 Metaspace       used 53153K, committed 54848K, reserved 393216K
  class space    used 6129K, committed 6912K, reserved 327680K
}
Event: 37.762 {metaspace After GC invocations=46 (full 0):
 Metaspace       used 53153K, committed 54848K, reserved 393216K
  class space    used 6129K, committed 6912K, reserved 327680K
}
Event: 39.143 {metaspace Before GC invocations=46 (full 0):
 Metaspace       used 53153K, committed 54848K, reserved 393216K
  class space    used 6129K, committed 6912K, reserved 327680K
}
Event: 39.156 {metaspace After GC invocations=47 (full 0):
 Metaspace       used 53153K, committed 54848K, reserved 393216K
  class space    used 6129K, committed 6912K, reserved 327680K
}
Event: 39.718 {metaspace Before GC invocations=47 (full 0):
 Metaspace       used 53153K, committed 54848K, reserved 393216K
  class space    used 6129K, committed 6912K, reserved 327680K
}
Event: 39.726 {metaspace After GC invocations=48 (full 0):
 Metaspace       used 53153K, committed 54848K, reserved 393216K
  class space    used 6129K, committed 6912K, reserved 327680K
}
Event: 43.172 {metaspace Before GC invocations=49 (full 0):
 Metaspace       used 57496K, committed 59392K, reserved 393216K
  class space    used 6654K, committed 7552K, reserved 327680K
}
Event: 43.180 {metaspace After GC invocations=50 (full 0):
 Metaspace       used 57496K, committed 59392K, reserved 393216K
  class space    used 6654K, committed 7552K, reserved 327680K
}
Event: 45.774 {metaspace Before GC invocations=50 (full 0):
 Metaspace       used 65659K, committed 67904K, reserved 393216K
  class space    used 7656K, committed 8704K, reserved 327680K
}
Event: 45.791 {metaspace After GC invocations=51 (full 0):
 Metaspace       used 65659K, committed 67904K, reserved 393216K
  class space    used 7656K, committed 8704K, reserved 327680K
}
Event: 45.919 {metaspace Before GC invocations=51 (full 0):
 Metaspace       used 66058K, committed 68224K, reserved 393216K
  class space    used 7705K, committed 8704K, reserved 327680K
}
Event: 45.934 {metaspace After GC invocations=52 (full 0):
 Metaspace       used 66058K, committed 68224K, reserved 393216K
  class space    used 7705K, committed 8704K, reserved 327680K
}
Event: 52.287 {metaspace Before GC invocations=53 (full 0):
 Metaspace       used 75172K, committed 77440K, reserved 458752K
  class space    used 8851K, committed 9920K, reserved 327680K
}
Event: 52.309 {metaspace After GC invocations=54 (full 0):
 Metaspace       used 75172K, committed 77440K, reserved 458752K
  class space    used 8851K, committed 9920K, reserved 327680K
}
Event: 54.926 {metaspace Before GC invocations=54 (full 0):
 Metaspace       used 79448K, committed 81856K, reserved 458752K
  class space    used 9217K, committed 10368K, reserved 327680K
}
Event: 54.941 {metaspace After GC invocations=55 (full 0):
 Metaspace       used 79448K, committed 81856K, reserved 458752K
  class space    used 9217K, committed 10368K, reserved 327680K
}

Dll operation events (14 events):
Event: 0.025 Loaded shared library C:\Users\muradhossain\.jdks\openjdk-25\bin\java.dll
Event: 0.178 Loaded shared library C:\Users\muradhossain\.jdks\openjdk-25\bin\zip.dll
Event: 0.185 Loaded shared library C:\Users\muradhossain\.jdks\openjdk-25\bin\instrument.dll
Event: 0.193 Loaded shared library C:\Users\muradhossain\.jdks\openjdk-25\bin\net.dll
Event: 0.197 Loaded shared library C:\Users\muradhossain\.jdks\openjdk-25\bin\nio.dll
Event: 0.204 Loaded shared library C:\Users\muradhossain\.jdks\openjdk-25\bin\zip.dll
Event: 0.832 Loaded shared library C:\Users\muradhossain\.jdks\openjdk-25\bin\jimage.dll
Event: 1.278 Loaded shared library C:\Users\muradhossain\.jdks\openjdk-25\bin\verify.dll
Event: 1.347 Loaded shared library C:\Users\muradhossain\.gradle\native\1def1411415f61bf3af743bc5b6707747c0891f09f0c88961ee8f79bc544acac\windows-amd64\native-platform.dll
Event: 1.380 Loaded shared library C:\Users\muradhossain\.gradle\native\0.2.8\x86_64-windows-gnu\gradle-fileevents.dll
Event: 3.862 Loaded shared library C:\Users\muradhossain\.jdks\openjdk-25\bin\management.dll
Event: 3.865 Loaded shared library C:\Users\muradhossain\.jdks\openjdk-25\bin\management_ext.dll
Event: 4.216 Loaded shared library C:\Users\muradhossain\.jdks\openjdk-25\bin\extnet.dll
Event: 4.654 Loaded shared library C:\Users\muradhossain\.jdks\openjdk-25\bin\sunmscapi.dll

Deoptimization events (20 events):
Event: 1210.006 Thread 0x00000214242215c0 Uncommon trap: trap_request=0xffffff45 fr.pc=0x00000214107ce730 relative=0x00000000000002b0
Event: 1210.006 Thread 0x00000214242215c0 Uncommon trap: reason=unstable_if action=reinterpret pc=0x00000214107ce730 method=java.util.LinkedHashMap.get(Ljava/lang/Object;)Ljava/lang/Object; @ 16 c2
Event: 1210.006 Thread 0x00000214242215c0 DEOPT PACKING pc=0x00000214107ce730 sp=0x000000fe6b3f8a60
Event: 1210.006 Thread 0x00000214242215c0 DEOPT UNPACKING pc=0x000002140fe0ee02 sp=0x000000fe6b3f8a08 mode 2
Event: 1210.006 Thread 0x00000214242215c0 Uncommon trap: trap_request=0xffffff45 fr.pc=0x00000214103026b0 relative=0x00000000000000b0
Event: 1210.006 Thread 0x00000214242215c0 Uncommon trap: reason=unstable_if action=reinterpret pc=0x00000214103026b0 method=java.util.LinkedHashMap.afterNodeAccess(Ljava/util/HashMap$Node;)V @ 19 c2
Event: 1210.006 Thread 0x00000214242215c0 DEOPT PACKING pc=0x00000214103026b0 sp=0x000000fe6b3f8a00
Event: 1210.006 Thread 0x00000214242215c0 DEOPT UNPACKING pc=0x000002140fe0ee02 sp=0x000000fe6b3f8978 mode 2
Event: 1210.136 Thread 0x00000214242215c0 Uncommon trap: trap_request=0xffffffde fr.pc=0x000002141096c8f0 relative=0x00000000000001f0
Event: 1210.137 Thread 0x00000214242215c0 Uncommon trap: reason=class_check action=maybe_recompile pc=0x000002141096c8f0 method=org.gradle.api.internal.artifacts.dependencies.AbstractVersionConstraint.hashCode()I @ 7 c2
Event: 1210.137 Thread 0x00000214242215c0 DEOPT PACKING pc=0x000002141096c8f0 sp=0x000000fe6b3f6990
Event: 1210.137 Thread 0x00000214242215c0 DEOPT UNPACKING pc=0x000002140fe0ee02 sp=0x000000fe6b3f6928 mode 2
Event: 1210.815 Thread 0x00000214242215c0 Uncommon trap: trap_request=0xffffff45 fr.pc=0x00000214107ac794 relative=0x0000000000000294
Event: 1210.816 Thread 0x00000214242215c0 Uncommon trap: reason=unstable_if action=reinterpret pc=0x00000214107ac794 method=org.gradle.internal.snapshot.PathUtil.compareDifferentCharsIgnoringCase(CC)I @ 12 c2
Event: 1210.816 Thread 0x00000214242215c0 DEOPT PACKING pc=0x00000214107ac794 sp=0x000000fe6b3f2870
Event: 1210.816 Thread 0x00000214242215c0 DEOPT UNPACKING pc=0x000002140fe0ee02 sp=0x000000fe6b3f27e8 mode 2
Event: 1211.041 Thread 0x00000214242215c0 Uncommon trap: trap_request=0xffffff6e fr.pc=0x0000021410a13c58 relative=0x00000000000005d8
Event: 1211.041 Thread 0x00000214242215c0 Uncommon trap: reason=predicate action=maybe_recompile pc=0x0000021410a13c58 method=java.util.ComparableTimSort.binarySort([Ljava/lang/Object;III)V @ 34 c2
Event: 1211.041 Thread 0x00000214242215c0 DEOPT PACKING pc=0x0000021410a13c58 sp=0x000000fe6b3f6dc0
Event: 1211.041 Thread 0x00000214242215c0 DEOPT UNPACKING pc=0x000002140fe0ee02 sp=0x000000fe6b3f6d68 mode 2

Classes loaded (20 events):
Event: 51.864 Loading class java/lang/StringIndexOutOfBoundsException
Event: 51.865 Loading class java/lang/StringIndexOutOfBoundsException done
Event: 51.930 Loading class java/util/Stack
Event: 51.931 Loading class java/util/Stack done
Event: 54.125 Loading class sun/nio/cs/ISO_8859_1$Decoder
Event: 54.125 Loading class sun/nio/cs/ISO_8859_1$Decoder done
Event: 54.426 Loading class java/lang/StackTraceElement$HashedModules
Event: 54.426 Loading class java/lang/StackTraceElement$HashedModules done
Event: 54.515 Loading class java/io/CharArrayReader
Event: 54.515 Loading class java/io/CharArrayReader done
Event: 54.600 Loading class sun/reflect/MagicAccessorImpl
Event: 54.601 Loading class sun/reflect/MagicAccessorImpl done
Event: 55.190 Loading class sun/nio/fs/WindowsSecurity$Privilege
Event: 55.190 Loading class sun/nio/fs/WindowsSecurity$Privilege done
Event: 55.261 Loading class java/time/Instant$1
Event: 55.262 Loading class java/time/Instant$1 done
Event: 55.298 Loading class java/util/concurrent/CompletableFuture$AsyncRun
Event: 55.299 Loading class java/util/concurrent/CompletableFuture$AsyncRun done
Event: 1208.991 Loading class jdk/internal/math/FormattedFPDecimal
Event: 1209.004 Loading class jdk/internal/math/FormattedFPDecimal done

Classes unloaded (10 events):
Event: 24.454 Thread 0x000002147df0d090 Unloading class 0x000000001e6143f0 '_BuildScript_$_run_closure1$_closure2'
Event: 24.454 Thread 0x000002147df0d090 Unloading class 0x000000001e614000 '_BuildScript_$_run_closure1'
Event: 24.454 Thread 0x000002147df0d090 Unloading class 0x000000001e60b000 '_BuildScript_'
Event: 24.454 Thread 0x000002147df0d090 Unloading class 0x000000001e605500 '_BuildScript_$_run_closure1'
Event: 24.454 Thread 0x000002147df0d090 Unloading class 0x000000001e605000 '_BuildScript_'
Event: 24.454 Thread 0x000002147df0d090 Unloading class 0x000000001e5a9000 '_BuildScript_$_run_closure2'
Event: 24.454 Thread 0x000002147df0d090 Unloading class 0x000000001e5a8b70 '_BuildScript_$_run_closure1'
Event: 24.454 Thread 0x000002147df0d090 Unloading class 0x000000001e5a8670 '_BuildScript_'
Event: 24.454 Thread 0x000002147df0d090 Unloading class 0x000000001e5a8280 'IdeaPluginConfigurator$_disableSources_closure1'
Event: 24.454 Thread 0x000002147df0d090 Unloading class 0x000000001e5a8000 'IdeaPluginConfigurator'

Classes redefined (0 events):
No events

Internal exceptions (20 events):
Event: 54.799 Thread 0x000002141f829660 Exception <a 'java/lang/ClassNotFoundException'{0x00000000eb22a900}: org/gradle/plugins/ide/idea/model/IdeaModelBeanInfo> (0x00000000eb22a900) 
thrown [s\open\src\hotspot\share\classfile\systemDictionary.cpp, line 327]
Event: 54.799 Thread 0x000002141f829660 Exception <a 'java/lang/ClassNotFoundException'{0x00000000eb2378f8}: org/gradle/plugins/ide/idea/model/IdeaModelCustomizer> (0x00000000eb2378f8) 
thrown [s\open\src\hotspot\share\classfile\systemDictionary.cpp, line 327]
Event: 54.801 Thread 0x000002141f829660 Exception <a 'java/lang/ClassNotFoundException'{0x00000000eb2550a8}: org/gradle/plugins/ide/idea/model/IdeaModel_DecoratedCustomizer> (0x00000000eb2550a8) 
thrown [s\open\src\hotspot\share\classfile\systemDictionary.cpp, line 327]
Event: 54.805 Thread 0x000002141f829660 Exception <a 'java/lang/ClassNotFoundException'{0x00000000eb2a99f8}: org/gradle/plugins/ide/idea/internal/IdeaModuleInternal_DecoratedBeanInfo> (0x00000000eb2a99f8) 
thrown [s\open\src\hotspot\share\classfile\systemDictionary.cpp, line 327]
Event: 54.806 Thread 0x000002141f829660 Exception <a 'java/lang/ClassNotFoundException'{0x00000000eb2b7ad0}: org/gradle/plugins/ide/idea/internal/IdeaModuleInternalBeanInfo> (0x00000000eb2b7ad0) 
thrown [s\open\src\hotspot\share\classfile\systemDictionary.cpp, line 327]
Event: 54.806 Thread 0x000002141f829660 Exception <a 'java/lang/ClassNotFoundException'{0x00000000eb2c6080}: org/gradle/plugins/ide/idea/model/IdeaModuleBeanInfo> (0x00000000eb2c6080) 
thrown [s\open\src\hotspot\share\classfile\systemDictionary.cpp, line 327]
Event: 54.807 Thread 0x000002141f829660 Exception <a 'java/lang/ClassNotFoundException'{0x00000000eb2d48a8}: org/gradle/plugins/ide/idea/model/IdeaModuleCustomizer> (0x00000000eb2d48a8) 
thrown [s\open\src\hotspot\share\classfile\systemDictionary.cpp, line 327]
Event: 54.811 Thread 0x000002141f829660 Exception <a 'java/lang/ClassNotFoundException'{0x00000000eb11a220}: org/gradle/plugins/ide/idea/internal/IdeaModuleInternalCustomizer> (0x00000000eb11a220) 
thrown [s\open\src\hotspot\share\classfile\systemDictionary.cpp, line 327]
Event: 54.812 Thread 0x000002141f829660 Exception <a 'java/lang/ClassNotFoundException'{0x00000000eb135cf0}: org/gradle/plugins/ide/idea/internal/IdeaModuleInternal_DecoratedCustomizer> (0x00000000eb135cf0) 
thrown [s\open\src\hotspot\share\classfile\systemDictionary.cpp, line 327]
Event: 54.815 Thread 0x000002141f829660 Exception <a 'java/lang/NoSuchMethodError'{0x00000000eb1bbab0}: 'void java.lang.invoke.DirectMethodHandle$Holder.invokeVirtual(java.lang.Object, java.lang.Object, int)'> (0x00000000eb1bbab0) 
thrown [s\open\src\hotspot\share\interpreter\linkResolver.cpp, line 804]
Event: 54.818 Thread 0x000002141f829660 Exception <a 'java/lang/NoSuchMethodError'{0x00000000eb1e75a0}: 'java.lang.Object java.lang.invoke.DirectMethodHandle$Holder.invokeStatic(java.lang.Object, int, java.lang.Object)'> (0x00000000eb1e75a0) 
thrown [s\open\src\hotspot\share\interpreter\linkResolver.cpp, line 804]
Event: 55.164 Thread 0x000002141f829660 Exception <a 'java/lang/NoSuchMethodError'{0x00000000ff5188f8}: 'void java.lang.invoke.DirectMethodHandle$Holder.invokeInterface(java.lang.Object, java.lang.Object, java.lang.Object, int)'> (0x00000000ff5188f8) 
thrown [s\open\src\hotspot\share\interpreter\linkResolver.cpp, line 804]
Event: 55.164 Thread 0x000002141f829660 Exception <a 'java/lang/IncompatibleClassChangeError'{0x00000000ff521108}: Found class java.lang.Object, but interface was expected> (0x00000000ff521108) 
thrown [s\open\src\hotspot\share\interpreter\linkResolver.cpp, line 871]
Event: 55.165 Thread 0x000002141f829660 Exception <a 'java/lang/NoSuchMethodError'{0x00000000ff52a0a0}: 'void java.lang.invoke.DelegatingMethodHandle$Holder.reinvoke_L(java.lang.Object, java.lang.Object, java.lang.Object, int)'> (0x00000000ff52a0a0) 
thrown [s\open\src\hotspot\share\interpreter\linkResolver.cpp, line 804]
Event: 55.169 Thread 0x000002141f829660 Exception <a 'sun/nio/fs/WindowsException'{0x00000000ff566900}> (0x00000000ff566900) 
thrown [s\open\src\hotspot\share\prims\jni.cpp, line 516]
Event: 55.186 Thread 0x0000021424227380 Exception <a 'sun/nio/fs/WindowsException'{0x00000000ff42c830}> (0x00000000ff42c830) 
thrown [s\open\src\hotspot\share\prims\jni.cpp, line 516]
Event: 55.192 Thread 0x0000021424227380 Exception <a 'sun/nio/fs/WindowsException'{0x00000000ff489808}> (0x00000000ff489808) 
thrown [s\open\src\hotspot\share\prims\jni.cpp, line 516]
Event: 55.230 Thread 0x000002141f829660 Exception <a 'java/lang/IncompatibleClassChangeError'{0x00000000ff3348d0}: Found class java.lang.Object, but interface was expected> (0x00000000ff3348d0) 
thrown [s\open\src\hotspot\share\interpreter\linkResolver.cpp, line 871]
Event: 55.232 Thread 0x000002141f829660 Exception <a 'java/lang/IncompatibleClassChangeError'{0x00000000ff335dd0}: Found class java.lang.Object, but interface was expected> (0x00000000ff335dd0) 
thrown [s\open\src\hotspot\share\interpreter\linkResolver.cpp, line 871]
Event: 55.254 Thread 0x000002141f829660 Exception <a 'java/lang/IncompatibleClassChangeError'{0x00000000ff2112c0}: Found class java.lang.Object, but interface was expected> (0x00000000ff2112c0) 
thrown [s\open\src\hotspot\share\interpreter\linkResolver.cpp, line 871]

VM Operations (20 events):
Event: 962.528 Executing non-safepoint VM operation: HandshakeAllThreads (HandshakeForDeflation)
Event: 962.528 Executing non-safepoint VM operation: HandshakeAllThreads (HandshakeForDeflation) done
Event: 962.528 Executing non-safepoint VM operation: RendezvousGCThreads
Event: 962.528 Executing non-safepoint VM operation: RendezvousGCThreads done
Event: 1022.646 Executing non-safepoint VM operation: HandshakeAllThreads (HandshakeForDeflation)
Event: 1022.646 Executing non-safepoint VM operation: HandshakeAllThreads (HandshakeForDeflation) done
Event: 1022.646 Executing non-safepoint VM operation: RendezvousGCThreads
Event: 1022.646 Executing non-safepoint VM operation: RendezvousGCThreads done
Event: 1082.807 Executing non-safepoint VM operation: HandshakeAllThreads (HandshakeForDeflation)
Event: 1082.807 Executing non-safepoint VM operation: HandshakeAllThreads (HandshakeForDeflation) done
Event: 1082.807 Executing non-safepoint VM operation: RendezvousGCThreads
Event: 1082.807 Executing non-safepoint VM operation: RendezvousGCThreads done
Event: 1142.938 Executing non-safepoint VM operation: HandshakeAllThreads (HandshakeForDeflation)
Event: 1142.938 Executing non-safepoint VM operation: HandshakeAllThreads (HandshakeForDeflation) done
Event: 1142.938 Executing non-safepoint VM operation: RendezvousGCThreads
Event: 1142.938 Executing non-safepoint VM operation: RendezvousGCThreads done
Event: 1203.137 Executing non-safepoint VM operation: HandshakeAllThreads (HandshakeForDeflation)
Event: 1203.137 Executing non-safepoint VM operation: HandshakeAllThreads (HandshakeForDeflation) done
Event: 1203.137 Executing non-safepoint VM operation: RendezvousGCThreads
Event: 1203.137 Executing non-safepoint VM operation: RendezvousGCThreads done

Memory protections (0 events):
No events

Nmethod flushes (20 events):
Event: 39.939 Thread 0x000002147df0d090 flushing  nmethod 0x00000214089ac788
Event: 46.123 Thread 0x000002147df0d090 flushing  nmethod 0x00000214105f6088
Event: 46.123 Thread 0x000002147df0d090 flushing  nmethod 0x000002141076a508
Event: 46.123 Thread 0x000002147df0d090 flushing  nmethod 0x0000021408ad7b08
Event: 46.123 Thread 0x000002147df0d090 flushing  nmethod 0x00000214106fd408
Event: 46.123 Thread 0x000002147df0d090 flushing  nmethod 0x0000021408c89f08
Event: 46.123 Thread 0x000002147df0d090 flushing  nmethod 0x0000021408d06108
Event: 46.123 Thread 0x000002147df0d090 flushing  nmethod 0x00000214087da988
Event: 46.123 Thread 0x000002147df0d090 flushing  nmethod 0x0000021408a70408
Event: 46.123 Thread 0x000002147df0d090 flushing osr nmethod 0x00000214093a2f08
Event: 46.123 Thread 0x000002147df0d090 flushing  nmethod 0x0000021408b4eb88
Event: 46.123 Thread 0x000002147df0d090 flushing  nmethod 0x0000021408ea5e08
Event: 46.123 Thread 0x000002147df0d090 flushing  nmethod 0x0000021408cb3a08
Event: 46.123 Thread 0x000002147df0d090 flushing  nmethod 0x0000021408d73088
Event: 46.123 Thread 0x000002147df0d090 flushing osr nmethod 0x0000021408f5b608
Event: 46.124 Thread 0x000002147df0d090 flushing osr nmethod 0x00000214092cd288
Event: 46.124 Thread 0x000002147df0d090 flushing  nmethod 0x000002141059ea08
Event: 46.124 Thread 0x000002147df0d090 flushing osr nmethod 0x0000021408b36d08
Event: 46.124 Thread 0x000002147df0d090 flushing  nmethod 0x00000214106ce988
Event: 46.124 Thread 0x000002147df0d090 flushing  nmethod 0x0000021408f48988

Events (20 events):
Event: 115.360 Thread 0x000002142421c7a0 Thread exited: 0x000002142421c7a0
Event: 1208.771 Thread 0x000002141f9f74e0 Thread added: 0x000002142421eeb0
Event: 1208.825 Thread 0x000002142421eeb0 Thread added: 0x0000021424220620
Event: 1208.913 Thread 0x000002142421eeb0 Thread added: 0x000002142421cf70
Event: 1208.928 Thread 0x000002142421eeb0 Thread added: 0x00000214242215c0
Event: 1208.976 Thread 0x00000214242215c0 Thread added: 0x000002142421fe50
Event: 1209.015 Thread 0x00000214242215c0 Thread added: 0x000002142421b800
Event: 1209.016 Thread 0x00000214242215c0 Thread added: 0x000002142421bfd0
Event: 1209.468 Thread 0x00000214242215c0 Thread added: 0x00000214242244a0
Event: 1209.511 Thread 0x00000214242215c0 Thread added: 0x0000021424224c70
Event: 1209.859 Thread 0x00000214242215c0 Thread added: 0x000002142422c970
Event: 1209.910 Thread 0x00000214242215c0 Thread added: 0x0000021424225440
Event: 1209.922 Thread 0x00000214242215c0 Thread added: 0x0000021424227380
Event: 1211.046 Thread 0x00000214242215c0 Thread added: 0x0000021424225c10
Event: 1211.047 Thread 0x00000214242215c0 Thread added: 0x000002142422d910
Event: 1211.047 Thread 0x00000214242215c0 Thread added: 0x000002142422b200
Event: 1211.048 Thread 0x00000214242215c0 Thread added: 0x000002142422b9d0
Event: 1211.049 Thread 0x00000214242215c0 Thread added: 0x000002142422f080
Event: 1211.049 Thread 0x00000214242215c0 Thread added: 0x000002142422e0e0
Event: 1211.050 Thread 0x00000214242215c0 Thread added: 0x00000214242292c0


Dynamic libraries:
0x00007ff6c9340000 - 0x00007ff6c934e000 	C:\Users\muradhossain\.jdks\openjdk-25\bin\java.exe
0x00007ffb41410000 - 0x00007ffb41608000 	C:\Windows\SYSTEM32\ntdll.dll
0x00007ffb41070000 - 0x00007ffb41132000 	C:\Windows\System32\KERNEL32.DLL
0x00007ffb3f000000 - 0x00007ffb3f2f6000 	C:\Windows\System32\KERNELBASE.dll
0x00007ffb3f300000 - 0x00007ffb3f400000 	C:\Windows\System32\ucrtbase.dll
0x00007ffb3acc0000 - 0x00007ffb3acd7000 	C:\Users\muradhossain\.jdks\openjdk-25\bin\jli.dll
0x00007ffb3aca0000 - 0x00007ffb3acbe000 	C:\Users\muradhossain\.jdks\openjdk-25\bin\VCRUNTIME140.dll
0x00007ffb3f790000 - 0x00007ffb3f931000 	C:\Windows\System32\USER32.dll
0x00007ffb3df30000 - 0x00007ffb3e1cb000 	C:\Windows\WinSxS\amd64_microsoft.windows.common-controls_6595b64144ccf1df_6.0.19041.6456_none_60b8a6cb71f64256\COMCTL32.dll
0x00007ffb3ec50000 - 0x00007ffb3ec72000 	C:\Windows\System32\win32u.dll
0x00007ffb3fd80000 - 0x00007ffb3fe1e000 	C:\Windows\System32\msvcrt.dll
0x00007ffb3ffc0000 - 0x00007ffb3ffeb000 	C:\Windows\System32\GDI32.dll
0x00007ffb3eee0000 - 0x00007ffb3eff9000 	C:\Windows\System32\gdi32full.dll
0x00007ffb3eb20000 - 0x00007ffb3ebbd000 	C:\Windows\System32\msvcp_win.dll
0x00007ffb413a0000 - 0x00007ffb413cf000 	C:\Windows\System32\IMM32.DLL
0x00007ffb3ac90000 - 0x00007ffb3ac9c000 	C:\Users\muradhossain\.jdks\openjdk-25\bin\vcruntime140_1.dll
0x00007ffb3ac00000 - 0x00007ffb3ac8d000 	C:\Users\muradhossain\.jdks\openjdk-25\bin\msvcp140.dll
0x00007ffad8e60000 - 0x00007ffad9cbf000 	C:\Users\muradhossain\.jdks\openjdk-25\bin\server\jvm.dll
0x00007ffb3fcc0000 - 0x00007ffb3fd71000 	C:\Windows\System32\ADVAPI32.dll
0x00007ffb411d0000 - 0x00007ffb4126f000 	C:\Windows\System32\sechost.dll
0x00007ffb3faf0000 - 0x00007ffb3fc10000 	C:\Windows\System32\RPCRT4.dll
0x00007ffb3f400000 - 0x00007ffb3f427000 	C:\Windows\System32\bcrypt.dll
0x00007ffb40ec0000 - 0x00007ffb40f2b000 	C:\Windows\System32\WS2_32.dll
0x00007ffb3e900000 - 0x00007ffb3e94b000 	C:\Windows\SYSTEM32\POWRPROF.dll
0x00007ffb28280000 - 0x00007ffb282a7000 	C:\Windows\SYSTEM32\WINMM.dll
0x00007ffb3a540000 - 0x00007ffb3a54a000 	C:\Windows\SYSTEM32\VERSION.dll
0x00007ffb3e8e0000 - 0x00007ffb3e8f2000 	C:\Windows\SYSTEM32\UMPDC.dll
0x00007ffb3cbd0000 - 0x00007ffb3cbe2000 	C:\Windows\SYSTEM32\kernel.appcore.dll
0x00007ffb3abf0000 - 0x00007ffb3abfa000 	C:\Users\muradhossain\.jdks\openjdk-25\bin\jimage.dll
0x00007ffb3e3e0000 - 0x00007ffb3e5e1000 	C:\Windows\SYSTEM32\DBGHELP.DLL
0x00007ffb3e3a0000 - 0x00007ffb3e3d4000 	C:\Windows\SYSTEM32\dbgcore.DLL
0x00007ffb3ebc0000 - 0x00007ffb3ec42000 	C:\Windows\System32\bcryptPrimitives.dll
0x00007ffb28330000 - 0x00007ffb28340000 	C:\Users\muradhossain\.jdks\openjdk-25\bin\instrument.dll
0x00007ffb3abd0000 - 0x00007ffb3abef000 	C:\Users\muradhossain\.jdks\openjdk-25\bin\java.dll
0x00007ffb3fe90000 - 0x00007ffb3ffbb000 	C:\Windows\System32\ole32.dll
0x00007ffb3f430000 - 0x00007ffb3f784000 	C:\Windows\System32\combase.dll
0x00007ffb400a0000 - 0x00007ffb40810000 	C:\Windows\System32\SHELL32.dll
0x00007ffb3c410000 - 0x00007ffb3cbb5000 	C:\Windows\SYSTEM32\windows.storage.dll
0x00007ffb3dc50000 - 0x00007ffb3dc7b000 	C:\Windows\SYSTEM32\Wldp.dll
0x00007ffb41270000 - 0x00007ffb4133d000 	C:\Windows\System32\OLEAUT32.dll
0x00007ffb3fff0000 - 0x00007ffb4009d000 	C:\Windows\System32\SHCORE.dll
0x00007ffb40f30000 - 0x00007ffb40f8b000 	C:\Windows\System32\shlwapi.dll
0x00007ffb3e9d0000 - 0x00007ffb3e9f4000 	C:\Windows\SYSTEM32\profapi.dll
0x00007ffb3ab70000 - 0x00007ffb3ab87000 	C:\Users\muradhossain\.jdks\openjdk-25\bin\zip.dll
0x00007ffb3abb0000 - 0x00007ffb3abc2000 	C:\Users\muradhossain\.jdks\openjdk-25\bin\net.dll
0x00007ffb3da30000 - 0x00007ffb3da9a000 	C:\Windows\system32\mswsock.dll
0x00007ffb3ab90000 - 0x00007ffb3aba6000 	C:\Users\muradhossain\.jdks\openjdk-25\bin\nio.dll
0x00007ffb3ab60000 - 0x00007ffb3ab70000 	C:\Users\muradhossain\.jdks\openjdk-25\bin\verify.dll
0x00007ffae9b80000 - 0x00007ffae9ba7000 	C:\Users\muradhossain\.gradle\native\1def1411415f61bf3af743bc5b6707747c0891f09f0c88961ee8f79bc544acac\windows-amd64\native-platform.dll
0x00007ffae7fe0000 - 0x00007ffae8057000 	C:\Users\muradhossain\.gradle\native\0.2.8\x86_64-windows-gnu\gradle-fileevents.dll
0x00007ffb38560000 - 0x00007ffb3856a000 	C:\Users\muradhossain\.jdks\openjdk-25\bin\management.dll
0x00007ffb27b50000 - 0x00007ffb27b5c000 	C:\Users\muradhossain\.jdks\openjdk-25\bin\management_ext.dll
0x00007ffb3fe20000 - 0x00007ffb3fe28000 	C:\Windows\System32\PSAPI.DLL
0x00007ffb3d730000 - 0x00007ffb3d76b000 	C:\Windows\SYSTEM32\IPHLPAPI.DLL
0x00007ffb40ca0000 - 0x00007ffb40ca8000 	C:\Windows\System32\NSI.dll
0x00007ffb3ab50000 - 0x00007ffb3ab59000 	C:\Users\muradhossain\.jdks\openjdk-25\bin\extnet.dll
0x00007ffb3e7a0000 - 0x00007ffb3e7b8000 	C:\Windows\SYSTEM32\CRYPTSP.dll
0x00007ffb3d3d0000 - 0x00007ffb3d408000 	C:\Windows\system32\rsaenh.dll
0x00007ffb3e990000 - 0x00007ffb3e9be000 	C:\Windows\SYSTEM32\USERENV.dll
0x00007ffb3dbc0000 - 0x00007ffb3dbcc000 	C:\Windows\SYSTEM32\CRYPTBASE.dll
0x00007ffb38570000 - 0x00007ffb3857e000 	C:\Users\muradhossain\.jdks\openjdk-25\bin\sunmscapi.dll
0x00007ffb3ed80000 - 0x00007ffb3eedd000 	C:\Windows\System32\CRYPT32.dll
0x00007ffb3dda0000 - 0x00007ffb3ddc7000 	C:\Windows\SYSTEM32\ncrypt.dll
0x00007ffb3dd60000 - 0x00007ffb3dd9b000 	C:\Windows\SYSTEM32\NTASN1.dll
0x00007ffb0e120000 - 0x00007ffb0e127000 	C:\Windows\system32\wshunix.dll
0x00007ffb3e760000 - 0x00007ffb3e793000 	C:\Windows\SYSTEM32\ntmarta.dll

JVMTI agents:
C:\Users\muradhossain\.gradle\wrapper\dists\gradle-9.1.0-bin\9agqghryom9wkf8r80qlhnts3\gradle-9.1.0\lib\agents\gradle-instrumentation-agent-9.1.0.jar path:C:\Users\muradhossain\.jdks\openjdk-25\bin\instrument.dll, loaded, initialized, instrumentlib options:none

dbghelp: loaded successfully - version: 4.0.5 - missing functions: none
symbol engine: initialized successfully - sym options: 0x614 - pdb path: .;C:\Users\muradhossain\.jdks\openjdk-25\bin;C:\Windows\SYSTEM32;C:\Windows\WinSxS\amd64_microsoft.windows.common-controls_6595b64144ccf1df_6.0.19041.6456_none_60b8a6cb71f64256;C:\Users\muradhossain\.jdks\openjdk-25\bin\server;C:\Users\muradhossain\.gradle\native\1def1411415f61bf3af743bc5b6707747c0891f09f0c88961ee8f79bc544acac\windows-amd64;C:\Users\muradhossain\.gradle\native\0.2.8\x86_64-windows-gnu

VM Arguments:
jvm_args: --add-opens=java.base/java.lang=ALL-UNNAMED --add-opens=java.base/java.lang.invoke=ALL-UNNAMED --add-opens=java.base/java.util=ALL-UNNAMED --add-opens=java.prefs/java.util.prefs=ALL-UNNAMED --add-exports=jdk.compiler/com.sun.tools.javac.api=ALL-UNNAMED --add-exports=jdk.compiler/com.sun.tools.javac.util=ALL-UNNAMED --add-opens=java.base/java.util=ALL-UNNAMED --add-opens=java.prefs/java.util.prefs=ALL-UNNAMED --add-opens=java.base/java.nio.charset=ALL-UNNAMED --add-opens=java.base/java.net=ALL-UNNAMED --add-opens=java.base/java.util.concurrent=ALL-UNNAMED --add-opens=java.base/java.util.concurrent.atomic=ALL-UNNAMED --add-opens=java.xml/javax.xml.namespace=ALL-UNNAMED --add-opens=java.base/java.time=ALL-UNNAMED --enable-native-access=ALL-UNNAMED -XX:MaxMetaspaceSize=384m -XX:+HeapDumpOnOutOfMemoryError -Xms256m -Xmx512m -Dfile.encoding=UTF-8 -Duser.country=US -Duser.language=en -Duser.variant -javaagent:C:\Users\muradhossain\.gradle\wrapper\dists\gradle-9.1.0-bin\9agqghryom9wkf8r80qlhnts3\gradle-9.1.0\lib\agents\gradle-instrumentation-agent-9.1.0.jar 
java_command: org.gradle.launcher.daemon.bootstrap.GradleDaemon 9.1.0
java_class_path (initial): C:\Users\muradhossain\.gradle\wrapper\dists\gradle-9.1.0-bin\9agqghryom9wkf8r80qlhnts3\gradle-9.1.0\lib\gradle-daemon-main-9.1.0.jar
Launcher Type: SUN_STANDARD

[Global flags]
     intx CICompilerCount                          = 4                                         {product} {ergonomic}
   size_t CompressedClassSpaceSize                 = 335544320                                 {product} {ergonomic}
     uint ConcGCThreads                            = 2                                         {product} {ergonomic}
     uint G1ConcRefinementThreads                  = 8                                         {product} {ergonomic}
   size_t G1HeapRegionSize                         = 1048576                                   {product} {ergonomic}
     bool HeapDumpOnOutOfMemoryError               = true                                   {manageable} {command line}
   size_t InitialHeapSize                          = 268435456                                 {product} {command line}
   size_t MarkStackSize                            = 4194304                                   {product} {ergonomic}
   size_t MarkStackSizeMax                         = 536870912                                 {product} {ergonomic}
   size_t MaxHeapSize                              = 536870912                                 {product} {command line}
   size_t MaxMetaspaceSize                         = 402653184                                 {product} {command line}
   size_t MaxNewSize                               = 321912832                                 {product} {ergonomic}
   size_t MinHeapDeltaBytes                        = 1048576                                   {product} {ergonomic}
   size_t MinHeapSize                              = 268435456                                 {product} {command line}
    uintx NonNMethodCodeHeapSize                   = 5832704                                {pd product} {ergonomic}
    uintx NonProfiledCodeHeapSize                  = 122945536                              {pd product} {ergonomic}
    uintx ProfiledCodeHeapSize                     = 122880000                              {pd product} {ergonomic}
    uintx ReservedCodeCacheSize                    = 251658240                              {pd product} {ergonomic}
     bool SegmentedCodeCache                       = true                                      {product} {ergonomic}
   size_t SoftMaxHeapSize                          = 536870912                              {manageable} {ergonomic}
     bool UseCompressedOops                        = true                           {product lp64_product} {ergonomic}
     bool UseG1GC                                  = true                                      {product} {ergonomic}
     bool UseLargePagesIndividualAllocation        = false                                  {pd product} {ergonomic}

Logging:
Log output configuration:
 #0: stdout all=warning uptime,level,tags foldmultilines=false
 #1: stderr all=off uptime,level,tags foldmultilines=false

Release file:
IMPLEMENTOR="Oracle Corporation" 
JAVA_RUNTIME_VERSION="25+36-3489" 
JAVA_VERSION="25" 
JAVA_VERSION_DATE="2025-09-16" 
LIBC="default" 
MODULES="java.base java.compiler java.datatransfer java.xml java.prefs java.desktop java.instrument java.logging java.management java.security.sasl java.naming java.rmi java.management.rmi java.net.http java.scripting java.security.jgss java.transaction.xa java.sql java.sql.rowset java.xml.crypto java.se java.smartcardio jdk.accessibility jdk.internal.jvmstat jdk.attach jdk.charsets jdk.internal.opt jdk.zipfs jdk.compiler jdk.crypto.cryptoki jdk.crypto.ec jdk.crypto.mscapi jdk.dynalink jdk.internal.ed jdk.editpad jdk.internal.vm.ci jdk.graal.compiler jdk.graal.compiler.management jdk.hotspot.agent jdk.httpserver jdk.incubator.vector jdk.internal.le jdk.internal.md jdk.jartool jdk.javadoc jdk.jcmd jdk.management jdk.management.agent jdk.jconsole jdk.jdeps jdk.jdwp.agent jdk.jdi jdk.jfr jdk.jlink jdk.jpackage jdk.jshell jdk.jsobject jdk.jstatd jdk.localedata jdk.management.jfr jdk.naming.dns jdk.naming.rmi jdk.net jdk.nio.mapmode jdk.sctp jdk.security.auth jdk.security.jgss jdk.unsupported jdk.unsupported.desktop jdk.xml.dom" 
OS_ARCH="x86_64" 
OS_NAME="Windows" 
SOURCE=".:git:6c48f4ed707b" 

Environment Variables:
JAVA_HOME=C:\Program Files\Java\jdk-21
PATH=c:\Users\muradhossain\AppData\Local\Programs\cursor\resources\app\bin;C:\Program Files\Google\Chrome\Application;C:\Program Files\Common Files\Oracle\Java\javapathh;C:\Windows\system32;C:\Windows;C:\Windows\System32\Wbem;C:\Windows\System32\WindowsPowerShell\v1.0\;C:\Windows\System32\OpenSSH\;C:\Program Files\nodejs\;C:\Program Files\Git\cmd;C:\Users\muradhossain\AppData\Local\Microsoft\WindowsApps;c:\Users\muradhossain\AppData\Local\Programs\cursor\resources\app\bin;C:\Program Files\Git LFS;C:\Program Files\Docker\Docker\resources\bin;C:\Program Files\Pandoc\;%JAVA_HOME%\bin;%GRADLE_HOME%\bin;C:\Program Files\Microsoft VS Code\bin;C:\Users\muradhossain\AppData\Local\Programs\Python\Launcher\;C:\Users\muradhossain\AppData\Local\Programs\Python\Python310\Scripts\;C:\Users\muradhossain\AppData\Local\Programs\Python\Python310\;C:\Users\muradhossain\AppData\Local\Microsoft\WindowsApps;C:\Users\muradhossain\AppData\Roaming\npm;C:\Users\muradhossain\AppData\Local\Programs\cursor\resources\app\bin;C:\Users\muradhossain\AppData\Local\Programs\Microsoft VS Code\bin;C:\Program Files\JetBrains\PyCharm 2024.1.7\bin;;C:\Program Files\Java\jdk-21\bin;C:\gradle-9.1.0\bin;;C:\Users\muradhossain\AppData\Local\Programs\Ollama
USERNAME=muradhossain
OS=Windows_NT
PROCESSOR_IDENTIFIER=Intel64 Family 6 Model 142 Stepping 12, GenuineIntel
TMP=C:\Users\MURADH~1\AppData\Local\Temp
TEMP=C:\Users\MURADH~1\AppData\Local\Temp




Compilation memory statistics disabled.

Periodic native trim disabled

---------------  S Y S T E M  ---------------

OS:
 Windows 10 , 64 bit Build 19041 (10.0.19041.5915)
OS uptime: 0 days 9:22 hours
Hyper-V role detected

CPU: total 8 (initial active 8) (4 cores per cpu, 2 threads per core) family 6 model 142 stepping 12 microcode 0x100, cx8, cmov, fxsr, ht, mmx, 3dnowpref, sse, sse2, sse3, ssse3, sse4.1, sse4.2, popcnt, lzcnt, tsc, tscinvbit, avx, avx2, aes, erms, clmul, bmi1, bmi2, adx, fma, vzeroupper, clflush, clflushopt, hv, rdtscp, f16c
Processor Information for the first 8 processors :
  Max Mhz: 1896, Current Mhz: 1596, Mhz Limit: 1592

Memory: 4k page, system-wide physical 16190M (533M free)
TotalPageFile size 39537M (AvailPageFile size 0M)
current process WorkingSet (physical memory assigned to process): 157M, peak: 567M
current process commit charge ("private bytes"): 593M, peak: 620M

vm_info: OpenJDK 64-Bit Server VM (25+36-3489) for windows-amd64 JRE (25+36-3489), built on 2025-08-12T17:19:28Z with unknown MS VC++:1943

END.
